待翻译: 17922 条 (样本=0, 限制=0)
共 1793 批, 并发 6
进度 10/17922 | 输入 609 tok | 输出 322 tok | 费用 ¥0.0013 | 2s
进度 20/17922 | 输入 1267 tok | 输出 677 tok | 费用 ¥0.0026 | 3s
进度 30/17922 | 输入 2218 tok | 输出 1315 tok | 费用 ¥0.0048 | 4s
进度 40/17922 | 输入 3201 tok | 输出 1956 tok | 费用 ¥0.0071 | 4s
进度 50/17922 | 输入 4471 tok | 输出 2866 tok | 费用 ¥0.0102 | 6s
进度 60/17922 | 输入 5910 tok | 输出 3988 tok | 费用 ¥0.0139 | 6s
进度 70/17922 | 输入 7024 tok | 输出 4761 tok | 费用 ¥0.0165 | 7s
进度 80/17922 | 输入 8044 tok | 输出 5490 tok | 费用 ¥0.0190 | 8s
进度 90/17922 | 输入 9042 tok | 输出 6155 tok | 费用 ¥0.0214 | 12s
进度 100/17922 | 输入 9975 tok | 输出 6747 tok | 费用 ¥0.0235 | 12s
进度 110/17922 | 输入 11232 tok | 输出 7631 tok | 费用 ¥0.0265 | 12s
进度 120/17922 | 输入 13196 tok | 输出 9182 tok | 费用 ¥0.0316 | 13s
进度 130/17922 | 输入 14929 tok | 输出 10510 tok | 费用 ¥0.0359 | 13s
进度 140/17922 | 输入 17123 tok | 输出 12244 tok | 费用 ¥0.0416 | 14s
进度 150/17922 | 输入 18416 tok | 输出 13235 tok | 费用 ¥0.0449 | 18s
进度 160/17922 | 输入 19692 tok | 输出 14148 tok | 费用 ¥0.0480 | 18s
进度 170/17922 | 输入 21407 tok | 输出 15481 tok | 费用 ¥0.0524 | 21s
  批次失败(第1次, 深度0): Expecting ',' delimiter: line 1 column 3383 (char 3382); 1s 后重试
进度 180/17922 | 输入 23629 tok | 输出 17234 tok | 费用 ¥0.0581 | 23s
进度 190/17922 | 输入 24816 tok | 输出 18091 tok | 费用 ¥0.0610 | 23s
进度 200/17922 | 输入 25900 tok | 输出 18862 tok | 费用 ¥0.0636 | 25s
进度 210/17922 | 输入 26789 tok | 输出 19461 tok | 费用 ¥0.0657 | 27s
进度 220/17922 | 输入 27909 tok | 输出 20246 tok | 费用 ¥0.0684 | 28s
进度 230/17922 | 输入 30441 tok | 输出 22271 tok | 费用 ¥0.0750 | 29s
进度 240/17922 | 输入 33898 tok | 输出 25133 tok | 费用 ¥0.0842 | 31s
进度 250/17922 | 输入 35881 tok | 输出 26654 tok | 费用 ¥0.0892 | 33s
进度 260/17922 | 输入 37840 tok | 输出 28278 tok | 费用 ¥0.0944 | 34s
  批次失败(第1次, 深度0): Expecting ',' delimiter: line 1 column 1364 (char 1363); 1s 后重试
进度 270/17922 | 输入 39532 tok | 输出 29665 tok | 费用 ¥0.0989 | 36s
进度 280/17922 | 输入 41658 tok | 输出 31421 tok | 费用 ¥0.1045 | 36s
进度 290/17922 | 输入 42585 tok | 输出 31985 tok | 费用 ¥0.1066 | 37s
进度 300/17922 | 输入 44567 tok | 输出 33615 tok | 费用 ¥0.1118 | 38s
进度 310/17922 | 输入 45829 tok | 输出 34512 tok | 费用 ¥0.1149 | 40s
进度 320/17922 | 输入 46808 tok | 输出 35127 tok | 费用 ¥0.1171 | 41s
进度 330/17922 | 输入 47924 tok | 输出 35916 tok | 费用 ¥0.1198 | 43s
进度 340/17922 | 输入 49621 tok | 输出 37207 tok | 费用 ¥0.1240 | 44s
进度 350/17922 | 输入 51644 tok | 输出 38849 tok | 费用 ¥0.1293 | 45s
进度 360/17922 | 输入 53816 tok | 输出 40652 tok | 费用 ¥0.1351 | 46s
进度 370/17922 | 输入 55803 tok | 输出 42232 tok | 费用 ¥0.1403 | 48s
进度 380/17922 | 输入 56954 tok | 输出 43057 tok | 费用 ¥0.1431 | 49s
进度 390/17922 | 输入 58011 tok | 输出 43795 tok | 费用 ¥0.1456 | 49s
进度 400/17922 | 输入 58894 tok | 输出 44393 tok | 费用 ¥0.1477 | 49s
进度 410/17922 | 输入 59746 tok | 输出 44934 tok | 费用 ¥0.1496 | 50s
进度 420/17922 | 输入 62061 tok | 输出 46882 tok | 费用 ¥0.1558 | 51s
进度 430/17922 | 输入 63316 tok | 输出 47779 tok | 费用 ¥0.1589 | 54s
进度 440/17922 | 输入 64249 tok | 输出 48413 tok | 费用 ¥0.1611 | 54s
进度 450/17922 | 输入 65619 tok | 输出 49442 tok | 费用 ¥0.1645 | 55s
进度 460/17922 | 输入 66632 tok | 输出 50162 tok | 费用 ¥0.1670 | 55s
进度 470/17922 | 输入 68319 tok | 输出 51541 tok | 费用 ¥0.1714 | 57s
进度 480/17922 | 输入 69221 tok | 输出 52131 tok | 费用 ¥0.1735 | 59s
进度 490/17922 | 输入 70215 tok | 输出 52803 tok | 费用 ¥0.1758 | 59s
进度 500/17922 | 输入 72209 tok | 输出 54424 tok | 费用 ¥0.1811 | 59s
进度 510/17922 | 输入 73088 tok | 输出 54988 tok | 费用 ¥0.1831 | 59s
进度 520/17922 | 输入 74191 tok | 输出 55804 tok | 费用 ¥0.1858 | 59s
进度 530/17922 | 输入 74882 tok | 输出 56207 tok | 费用 ¥0.1873 | 60s
进度 540/17922 | 输入 75467 tok | 输出 56499 tok | 费用 ¥0.1885 | 61s
进度 550/17922 | 输入 76394 tok | 输出 57124 tok | 费用 ¥0.1906 | 63s
进度 560/17922 | 输入 77332 tok | 输出 57770 tok | 费用 ¥0.1929 | 63s
进度 570/17922 | 输入 78282 tok | 输出 58410 tok | 费用 ¥0.1951 | 63s
进度 580/17922 | 输入 79233 tok | 输出 59057 tok | 费用 ¥0.1973 | 64s
进度 590/17922 | 输入 79977 tok | 输出 59493 tok | 费用 ¥0.1990 | 65s
进度 600/17922 | 输入 80669 tok | 输出 59903 tok | 费用 ¥0.2005 | 66s
进度 610/17922 | 输入 82373 tok | 输出 61272 tok | 费用 ¥0.2049 | 66s
进度 620/17922 | 输入 83174 tok | 输出 61774 tok | 费用 ¥0.2067 | 67s
进度 630/17922 | 输入 83778 tok | 输出 62095 tok | 费用 ¥0.2080 | 67s
进度 640/17922 | 输入 84804 tok | 输出 62812 tok | 费用 ¥0.2104 | 68s
进度 650/17922 | 输入 85767 tok | 输出 63462 tok | 费用 ¥0.2127 | 68s
进度 660/17922 | 输入 86446 tok | 输出 63849 tok | 费用 ¥0.2141 | 69s
进度 670/17922 | 输入 87115 tok | 输出 64238 tok | 费用 ¥0.2156 | 69s
进度 680/17922 | 输入 88018 tok | 输出 64833 tok | 费用 ¥0.2177 | 71s
进度 690/17922 | 输入 89117 tok | 输出 65619 tok | 费用 ¥0.2204 | 72s
进度 700/17922 | 输入 89986 tok | 输出 66193 tok | 费用 ¥0.2224 | 74s
进度 710/17922 | 输入 91298 tok | 输出 67171 tok | 费用 ¥0.2256 | 74s
进度 720/17922 | 输入 92290 tok | 输出 67863 tok | 费用 ¥0.2280 | 74s
进度 730/17922 | 输入 92980 tok | 输出 68278 tok | 费用 ¥0.2295 | 74s
进度 740/17922 | 输入 94487 tok | 输出 69438 tok | 费用 ¥0.2334 | 75s
进度 750/17922 | 输入 95314 tok | 输出 69958 tok | 费用 ¥0.2352 | 76s
进度 760/17922 | 输入 96085 tok | 输出 70435 tok | 费用 ¥0.2370 | 77s
进度 770/17922 | 输入 96878 tok | 输出 70912 tok | 费用 ¥0.2387 | 77s
进度 780/17922 | 输入 98029 tok | 输出 71735 tok | 费用 ¥0.2415 | 79s
进度 790/17922 | 输入 99172 tok | 输出 72539 tok | 费用 ¥0.2443 | 81s
进度 800/17922 | 输入 100484 tok | 输出 73489 tok | 费用 ¥0.2475 | 81s
进度 810/17922 | 输入 102268 tok | 输出 74897 tok | 费用 ¥0.2521 | 82s
进度 820/17922 | 输入 103641 tok | 输出 75908 tok | 费用 ¥0.2555 | 87s
进度 830/17922 | 输入 106038 tok | 输出 77867 tok | 费用 ¥0.2618 | 87s
进度 840/17922 | 输入 107929 tok | 输出 79364 tok | 费用 ¥0.2667 | 90s
进度 850/17922 | 输入 111015 tok | 输出 82005 tok | 费用 ¥0.2750 | 92s
进度 860/17922 | 输入 115111 tok | 输出 85530 tok | 费用 ¥0.2862 | 95s
进度 870/17922 | 输入 117918 tok | 输出 87865 tok | 费用 ¥0.2936 | 95s
进度 880/17922 | 输入 120126 tok | 输出 89630 tok | 费用 ¥0.2994 | 97s
进度 890/17922 | 输入 121771 tok | 输出 90872 tok | 费用 ¥0.3035 | 97s
进度 900/17922 | 输入 123204 tok | 输出 91943 tok | 费用 ¥0.3071 | 98s
进度 910/17922 | 输入 124638 tok | 输出 92975 tok | 费用 ¥0.3106 | 101s
进度 920/17922 | 输入 127800 tok | 输出 95716 tok | 费用 ¥0.3192 | 101s
进度 930/17922 | 输入 128911 tok | 输出 96454 tok | 费用 ¥0.3218 | 102s
进度 940/17922 | 输入 130899 tok | 输出 98028 tok | 费用 ¥0.3270 | 103s
进度 950/17922 | 输入 132531 tok | 输出 99234 tok | 费用 ¥0.3310 | 104s
进度 960/17922 | 输入 134458 tok | 输出 100745 tok | 费用 ¥0.3359 | 106s
进度 970/17922 | 输入 135421 tok | 输出 101410 tok | 费用 ¥0.3382 | 108s
进度 980/17922 | 输入 136393 tok | 输出 102081 tok | 费用 ¥0.3406 | 108s
进度 990/17922 | 输入 138178 tok | 输出 103410 tok | 费用 ¥0.3450 | 108s
进度 1000/17922 | 输入 139741 tok | 输出 104589 tok | 费用 ¥0.3489 | 109s
进度 1010/17922 | 输入 141742 tok | 输出 106179 tok | 费用 ¥0.3541 | 109s
进度 1020/17922 | 输入 142719 tok | 输出 106839 tok | 费用 ¥0.3564 | 110s
进度 1030/17922 | 输入 143490 tok | 输出 107296 tok | 费用 ¥0.3581 | 111s
进度 1040/17922 | 输入 144294 tok | 输出 107793 tok | 费用 ¥0.3599 | 112s
进度 1050/17922 | 输入 145277 tok | 输出 108458 tok | 费用 ¥0.3622 | 113s
进度 1060/17922 | 输入 146372 tok | 输出 109233 tok | 费用 ¥0.3648 | 113s
进度 1070/17922 | 输入 147153 tok | 输出 109730 tok | 费用 ¥0.3666 | 114s
进度 1080/17922 | 输入 148184 tok | 输出 110445 tok | 费用 ¥0.3691 | 114s
进度 1090/17922 | 输入 149014 tok | 输出 110979 tok | 费用 ¥0.3710 | 115s
进度 1100/17922 | 输入 150449 tok | 输出 112106 tok | 费用 ¥0.3747 | 117s
进度 1110/17922 | 输入 151436 tok | 输出 112750 tok | 费用 ¥0.3769 | 118s
进度 1120/17922 | 输入 152490 tok | 输出 113483 tok | 费用 ¥0.3795 | 118s
进度 1130/17922 | 输入 153452 tok | 输出 114142 tok | 费用 ¥0.3817 | 119s
进度 1140/17922 | 输入 154197 tok | 输出 114568 tok | 费用 ¥0.3833 | 120s
进度 1150/17922 | 输入 155867 tok | 输出 115858 tok | 费用 ¥0.3876 | 121s
进度 1160/17922 | 输入 157454 tok | 输出 116996 tok | 费用 ¥0.3914 | 121s
进度 1170/17922 | 输入 158709 tok | 输出 117869 tok | 费用 ¥0.3944 | 123s
进度 1180/17922 | 输入 159788 tok | 输出 118595 tok | 费用 ¥0.3970 | 123s
进度 1190/17922 | 输入 160663 tok | 输出 119114 tok | 费用 ¥0.3989 | 124s
进度 1200/17922 | 输入 161991 tok | 输出 120101 tok | 费用 ¥0.4022 | 124s
进度 1210/17922 | 输入 163165 tok | 输出 120949 tok | 费用 ¥0.4051 | 126s
进度 1220/17922 | 输入 163994 tok | 输出 121464 tok | 费用 ¥0.4069 | 127s
进度 1230/17922 | 输入 164948 tok | 输出 122069 tok | 费用 ¥0.4091 | 128s
进度 1240/17922 | 输入 166653 tok | 输出 123392 tok | 费用 ¥0.4134 | 129s
进度 1250/17922 | 输入 168054 tok | 输出 124440 tok | 费用 ¥0.4169 | 130s
进度 1260/17922 | 输入 169635 tok | 输出 125693 tok | 费用 ¥0.4210 | 131s
进度 1270/17922 | 输入 170987 tok | 输出 126729 tok | 费用 ¥0.4244 | 132s
进度 1280/17922 | 输入 171990 tok | 输出 127424 tok | 费用 ¥0.4268 | 132s
进度 1290/17922 | 输入 172865 tok | 输出 127983 tok | 费用 ¥0.4288 | 132s
进度 1300/17922 | 输入 173565 tok | 输出 128376 tok | 费用 ¥0.4303 | 133s
进度 1310/17922 | 输入 174255 tok | 输出 128773 tok | 费用 ¥0.4318 | 134s
进度 1320/17922 | 输入 175843 tok | 输出 130042 tok | 费用 ¥0.4359 | 134s
进度 1330/17922 | 输入 177018 tok | 输出 130912 tok | 费用 ¥0.4388 | 137s
进度 1340/17922 | 输入 178410 tok | 输出 131965 tok | 费用 ¥0.4423 | 138s
进度 1350/17922 | 输入 179588 tok | 输出 132836 tok | 费用 ¥0.4453 | 138s
进度 1360/17922 | 输入 181029 tok | 输出 133909 tok | 费用 ¥0.4488 | 138s
进度 1370/17922 | 输入 182336 tok | 输出 134899 tok | 费用 ¥0.4521 | 140s
进度 1380/17922 | 输入 183017 tok | 输出 135266 tok | 费用 ¥0.4535 | 140s
进度 1390/17922 | 输入 184638 tok | 输出 136554 tok | 费用 ¥0.4577 | 141s
进度 1400/17922 | 输入 185704 tok | 输出 137315 tok | 费用 ¥0.4603 | 143s
进度 1410/17922 | 输入 186964 tok | 输出 138256 tok | 费用 ¥0.4635 | 143s
进度 1420/17922 | 输入 188117 tok | 输出 139046 tok | 费用 ¥0.4662 | 145s
进度 1430/17922 | 输入 189368 tok | 输出 139973 tok | 费用 ¥0.4693 | 146s
进度 1440/17922 | 输入 190813 tok | 输出 141077 tok | 费用 ¥0.4730 | 147s
进度 1450/17922 | 输入 192150 tok | 输出 142068 tok | 费用 ¥0.4763 | 148s
进度 1460/17922 | 输入 193262 tok | 输出 142835 tok | 费用 ¥0.4789 | 148s
进度 1470/17922 | 输入 194133 tok | 输出 143397 tok | 费用 ¥0.4809 | 149s
进度 1480/17922 | 输入 195329 tok | 输出 144276 tok | 费用 ¥0.4839 | 151s
进度 1490/17922 | 输入 196332 tok | 输出 144988 tok | 费用 ¥0.4863 | 151s
进度 1500/17922 | 输入 199655 tok | 输出 147888 tok | 费用 ¥0.4954 | 153s
进度 1510/17922 | 输入 201269 tok | 输出 149161 tok | 费用 ¥0.4996 | 155s
进度 1520/17922 | 输入 202687 tok | 输出 150199 tok | 费用 ¥0.5031 | 155s
进度 1530/17922 | 输入 204327 tok | 输出 151481 tok | 费用 ¥0.5073 | 156s
进度 1540/17922 | 输入 205530 tok | 输出 152329 tok | 费用 ¥0.5102 | 157s
进度 1550/17922 | 输入 206864 tok | 输出 153277 tok | 费用 ¥0.5134 | 157s
进度 1560/17922 | 输入 208228 tok | 输出 154297 tok | 费用 ¥0.5168 | 159s
进度 1570/17922 | 输入 209393 tok | 输出 155151 tok | 费用 ¥0.5197 | 160s
进度 1580/17922 | 输入 210423 tok | 输出 155861 tok | 费用 ¥0.5221 | 161s
进度 1590/17922 | 输入 211502 tok | 输出 156613 tok | 费用 ¥0.5247 | 162s
进度 1600/17922 | 输入 213027 tok | 输出 157818 tok | 费用 ¥0.5287 | 162s
进度 1610/17922 | 输入 214338 tok | 输出 158846 tok | 费用 ¥0.5320 | 163s
进度 1620/17922 | 输入 215487 tok | 输出 159581 tok | 费用 ¥0.5346 | 164s
进度 1630/17922 | 输入 216743 tok | 输出 160459 tok | 费用 ¥0.5377 | 166s
进度 1640/17922 | 输入 218145 tok | 输出 161526 tok | 费用 ¥0.5412 | 168s
进度 1650/17922 | 输入 219187 tok | 输出 162218 tok | 费用 ¥0.5436 | 169s
进度 1660/17922 | 输入 220508 tok | 输出 163286 tok | 费用 ¥0.5471 | 169s
进度 1670/17922 | 输入 222311 tok | 输出 164671 tok | 费用 ¥0.5517 | 169s
进度 1680/17922 | 输入 223639 tok | 输出 165663 tok | 费用 ¥0.5550 | 169s
进度 1690/17922 | 输入 224856 tok | 输出 166543 tok | 费用 ¥0.5579 | 171s
进度 1700/17922 | 输入 225783 tok | 输出 167168 tok | 费用 ¥0.5601 | 173s
进度 1710/17922 | 输入 226771 tok | 输出 167828 tok | 费用 ¥0.5624 | 173s
进度 1720/17922 | 输入 227656 tok | 输出 168367 tok | 费用 ¥0.5644 | 176s
进度 1730/17922 | 输入 229407 tok | 输出 169675 tok | 费用 ¥0.5688 | 177s
进度 1740/17922 | 输入 231274 tok | 输出 171169 tok | 费用 ¥0.5736 | 178s
进度 1750/17922 | 输入 232754 tok | 输出 172250 tok | 费用 ¥0.5773 | 180s
进度 1760/17922 | 输入 233609 tok | 输出 172798 tok | 费用 ¥0.5792 | 180s
进度 1770/17922 | 输入 236223 tok | 输出 174896 tok | 费用 ¥0.5860 | 180s
进度 1780/17922 | 输入 237205 tok | 输出 175579 tok | 费用 ¥0.5884 | 181s
进度 1790/17922 | 输入 239342 tok | 输出 177259 tok | 费用 ¥0.5939 | 181s
进度 1800/17922 | 输入 240382 tok | 输出 177942 tok | 费用 ¥0.5963 | 182s
进度 1810/17922 | 输入 241218 tok | 输出 178457 tok | 费用 ¥0.5981 | 184s
进度 1820/17922 | 输入 242085 tok | 输出 178985 tok | 费用 ¥0.6001 | 184s
进度 1830/17922 | 输入 243164 tok | 输出 179687 tok | 费用 ¥0.6025 | 184s
进度 1840/17922 | 输入 244165 tok | 输出 180331 tok | 费用 ¥0.6048 | 185s
进度 1850/17922 | 输入 245219 tok | 输出 181092 tok | 费用 ¥0.6074 | 185s
进度 1860/17922 | 输入 246447 tok | 输出 181979 tok | 费用 ¥0.6104 | 189s
进度 1870/17922 | 输入 248066 tok | 输出 183229 tok | 费用 ¥0.6145 | 189s
进度 1880/17922 | 输入 249743 tok | 输出 184474 tok | 费用 ¥0.6187 | 191s
进度 1890/17922 | 输入 251532 tok | 输出 185861 tok | 费用 ¥0.6233 | 192s
进度 1900/17922 | 输入 252993 tok | 输出 186977 tok | 费用 ¥0.6269 | 192s
进度 1910/17922 | 输入 254560 tok | 输出 188142 tok | 费用 ¥0.6308 | 193s
进度 1920/17922 | 输入 255547 tok | 输出 188820 tok | 费用 ¥0.6332 | 194s
进度 1930/17922 | 输入 256452 tok | 输出 189399 tok | 费用 ¥0.6353 | 195s
进度 1940/17922 | 输入 258640 tok | 输出 191132 tok | 费用 ¥0.6409 | 199s
进度 1950/17922 | 输入 260336 tok | 输出 192450 tok | 费用 ¥0.6452 | 200s
进度 1960/17922 | 输入 261670 tok | 输出 193496 tok | 费用 ¥0.6487 | 200s
进度 1970/17922 | 输入 263352 tok | 输出 194814 tok | 费用 ¥0.6530 | 200s
进度 1980/17922 | 输入 264831 tok | 输出 195947 tok | 费用 ¥0.6567 | 202s
进度 1990/17922 | 输入 265602 tok | 输出 196416 tok | 费用 ¥0.6584 | 203s
进度 2000/17922 | 输入 266703 tok | 输出 197215 tok | 费用 ¥0.6611 | 204s
进度 2010/17922 | 输入 267710 tok | 输出 197894 tok | 费用 ¥0.6635 | 204s
进度 2020/17922 | 输入 268803 tok | 输出 198642 tok | 费用 ¥0.6661 | 204s
进度 2030/17922 | 输入 271046 tok | 输出 200483 tok | 费用 ¥0.6720 | 204s
进度 2040/17922 | 输入 271923 tok | 输出 201030 tok | 费用 ¥0.6740 | 206s
进度 2050/17922 | 输入 272937 tok | 输出 201698 tok | 费用 ¥0.6763 | 209s
进度 2060/17922 | 输入 274397 tok | 输出 202786 tok | 费用 ¥0.6800 | 209s
进度 2070/17922 | 输入 275553 tok | 输出 203603 tok | 费用 ¥0.6828 | 210s
进度 2080/17922 | 输入 277005 tok | 输出 204687 tok | 费用 ¥0.6864 | 211s
进度 2090/17922 | 输入 278571 tok | 输出 205856 tok | 费用 ¥0.6903 | 212s
进度 2100/17922 | 输入 279802 tok | 输出 206717 tok | 费用 ¥0.6932 | 212s
进度 2110/17922 | 输入 280918 tok | 输出 207470 tok | 费用 ¥0.6959 | 214s
进度 2120/17922 | 输入 282317 tok | 输出 208492 tok | 费用 ¥0.6993 | 216s
进度 2130/17922 | 输入 284171 tok | 输出 209918 tok | 费用 ¥0.7040 | 218s
进度 2140/17922 | 输入 285239 tok | 输出 210630 tok | 费用 ¥0.7065 | 219s
进度 2150/17922 | 输入 286971 tok | 输出 211941 tok | 费用 ¥0.7109 | 220s
进度 2160/17922 | 输入 287756 tok | 输出 212391 tok | 费用 ¥0.7125 | 221s
进度 2170/17922 | 输入 289622 tok | 输出 213863 tok | 费用 ¥0.7173 | 221s
进度 2180/17922 | 输入 291896 tok | 输出 215644 tok | 费用 ¥0.7232 | 221s
进度 2190/17922 | 输入 292597 tok | 输出 216034 tok | 费用 ¥0.7247 | 221s
进度 2200/17922 | 输入 293797 tok | 输出 216875 tok | 费用 ¥0.7275 | 222s
进度 2210/17922 | 输入 294560 tok | 输出 217327 tok | 费用 ¥0.7292 | 224s
进度 2220/17922 | 输入 295430 tok | 输出 217889 tok | 费用 ¥0.7312 | 224s
进度 2230/17922 | 输入 296212 tok | 输出 218370 tok | 费用 ¥0.7330 | 225s
进度 2240/17922 | 输入 297122 tok | 输出 218952 tok | 费用 ¥0.7350 | 225s
进度 2250/17922 | 输入 298417 tok | 输出 219835 tok | 费用 ¥0.7381 | 225s
进度 2260/17922 | 输入 299146 tok | 输出 220257 tok | 费用 ¥0.7397 | 228s
进度 2270/17922 | 输入 299921 tok | 输出 220713 tok | 费用 ¥0.7413 | 228s
进度 2280/17922 | 输入 301546 tok | 输出 221924 tok | 费用 ¥0.7454 | 229s
进度 2290/17922 | 输入 302762 tok | 输出 222789 tok | 费用 ¥0.7483 | 230s
进度 2300/17922 | 输入 303486 tok | 输出 223188 tok | 费用 ¥0.7499 | 231s
进度 2310/17922 | 输入 304907 tok | 输出 224319 tok | 费用 ¥0.7535 | 231s
进度 2320/17922 | 输入 305663 tok | 输出 224759 tok | 费用 ¥0.7552 | 231s
进度 2330/17922 | 输入 306542 tok | 输出 225296 tok | 费用 ¥0.7571 | 232s
进度 2340/17922 | 输入 307279 tok | 输出 225727 tok | 费用 ¥0.7587 | 232s
进度 2350/17922 | 输入 308150 tok | 输出 226269 tok | 费用 ¥0.7607 | 234s
进度 2360/17922 | 输入 308943 tok | 输出 226747 tok | 费用 ¥0.7624 | 234s
进度 2370/17922 | 输入 310030 tok | 输出 227615 tok | 费用 ¥0.7653 | 236s
进度 2380/17922 | 输入 311169 tok | 输出 228444 tok | 费用 ¥0.7681 | 237s
进度 2390/17922 | 输入 311944 tok | 输出 228897 tok | 费用 ¥0.7697 | 238s
进度 2400/17922 | 输入 314624 tok | 输出 231082 tok | 费用 ¥0.7768 | 238s
进度 2410/17922 | 输入 315876 tok | 输出 232029 tok | 费用 ¥0.7799 | 238s
进度 2420/17922 | 输入 316699 tok | 输出 232536 tok | 费用 ¥0.7818 | 238s
进度 2430/17922 | 输入 317426 tok | 输出 232934 tok | 费用 ¥0.7833 | 240s
进度 2440/17922 | 输入 318107 tok | 输出 233318 tok | 费用 ¥0.7847 | 240s
进度 2450/17922 | 输入 318849 tok | 输出 233766 tok | 费用 ¥0.7864 | 240s
进度 2460/17922 | 输入 319609 tok | 输出 234201 tok | 费用 ¥0.7880 | 240s
进度 2470/17922 | 输入 320288 tok | 输出 234591 tok | 费用 ¥0.7895 | 241s
进度 2480/17922 | 输入 321004 tok | 输出 235010 tok | 费用 ¥0.7910 | 243s
进度 2490/17922 | 输入 321648 tok | 输出 235376 tok | 费用 ¥0.7924 | 243s
进度 2500/17922 | 输入 322368 tok | 输出 235822 tok | 费用 ¥0.7940 | 243s
进度 2510/17922 | 输入 323098 tok | 输出 236250 tok | 费用 ¥0.7956 | 243s
进度 2520/17922 | 输入 323755 tok | 输出 236626 tok | 费用 ¥0.7970 | 244s
进度 2530/17922 | 输入 324729 tok | 输出 237263 tok | 费用 ¥0.7993 | 247s
进度 2540/17922 | 输入 325884 tok | 输出 238086 tok | 费用 ¥0.8021 | 248s
进度 2550/17922 | 输入 326992 tok | 输出 238851 tok | 费用 ¥0.8047 | 248s
进度 2560/17922 | 输入 329506 tok | 输出 241153 tok | 费用 ¥0.8118 | 248s
进度 2570/17922 | 输入 330936 tok | 输出 242250 tok | 费用 ¥0.8154 | 249s
进度 2580/17922 | 输入 331692 tok | 输出 242716 tok | 费用 ¥0.8171 | 251s
进度 2590/17922 | 输入 333230 tok | 输出 243982 tok | 费用 ¥0.8212 | 251s
进度 2600/17922 | 输入 334235 tok | 输出 244693 tok | 费用 ¥0.8236 | 253s
进度 2610/17922 | 输入 335270 tok | 输出 245468 tok | 费用 ¥0.8262 | 254s
进度 2620/17922 | 输入 337062 tok | 输出 246855 tok | 费用 ¥0.8308 | 254s
进度 2630/17922 | 输入 338688 tok | 输出 248110 tok | 费用 ¥0.8349 | 256s
进度 2640/17922 | 输入 339907 tok | 输出 248961 tok | 费用 ¥0.8378 | 256s
进度 2650/17922 | 输入 341302 tok | 输出 249992 tok | 费用 ¥0.8413 | 257s
进度 2660/17922 | 输入 342800 tok | 输出 250996 tok | 费用 ¥0.8448 | 260s
进度 2670/17922 | 输入 343724 tok | 输出 251591 tok | 费用 ¥0.8469 | 260s
进度 2680/17922 | 输入 344959 tok | 输出 252447 tok | 费用 ¥0.8499 | 261s
进度 2690/17922 | 输入 346754 tok | 输出 253809 tok | 费用 ¥0.8544 | 262s
进度 2700/17922 | 输入 349185 tok | 输出 255641 tok | 费用 ¥0.8605 | 265s
进度 2710/17922 | 输入 351177 tok | 输出 257207 tok | 费用 ¥0.8656 | 266s
进度 2720/17922 | 输入 353411 tok | 输出 259055 tok | 费用 ¥0.8715 | 270s
进度 2730/17922 | 输入 355826 tok | 输出 261077 tok | 费用 ¥0.8780 | 271s
进度 2740/17922 | 输入 358034 tok | 输出 262893 tok | 费用 ¥0.8838 | 273s
进度 2750/17922 | 输入 358966 tok | 输出 263511 tok | 费用 ¥0.8860 | 274s
进度 2760/17922 | 输入 359776 tok | 输出 264021 tok | 费用 ¥0.8878 | 274s
进度 2770/17922 | 输入 361873 tok | 输出 265729 tok | 费用 ¥0.8933 | 276s
进度 2780/17922 | 输入 363929 tok | 输出 267386 tok | 费用 ¥0.8987 | 284s
进度 2790/17922 | 输入 365936 tok | 输出 268987 tok | 费用 ¥0.9039 | 285s
进度 2800/17922 | 输入 370041 tok | 输出 272515 tok | 费用 ¥0.9151 | 285s
进度 2810/17922 | 输入 372904 tok | 输出 274953 tok | 费用 ¥0.9228 | 286s
进度 2820/17922 | 输入 378289 tok | 输出 279696 tok | 费用 ¥0.9377 | 287s
进度 2830/17922 | 输入 379530 tok | 输出 280599 tok | 费用 ¥0.9407 | 289s
进度 2840/17922 | 输入 380708 tok | 输出 281471 tok | 费用 ¥0.9437 | 290s
进度 2850/17922 | 输入 382039 tok | 输出 282434 tok | 费用 ¥0.9469 | 291s
进度 2860/17922 | 输入 385780 tok | 输出 285736 tok | 费用 ¥0.9573 | 291s
进度 2870/17922 | 输入 387414 tok | 输出 286976 tok | 费用 ¥0.9614 | 297s
进度 2880/17922 | 输入 390270 tok | 输出 289452 tok | 费用 ¥0.9692 | 298s
进度 2890/17922 | 输入 392359 tok | 输出 291165 tok | 费用 ¥0.9747 | 300s
进度 2900/17922 | 输入 395225 tok | 输出 293618 tok | 费用 ¥0.9825 | 301s
进度 2910/17922 | 输入 397606 tok | 输出 295589 tok | 费用 ¥0.9888 | 302s
进度 2920/17922 | 输入 399899 tok | 输出 297451 tok | 费用 ¥0.9948 | 307s
进度 2930/17922 | 输入 401834 tok | 输出 298989 tok | 费用 ¥0.9998 | 309s
进度 2940/17922 | 输入 403755 tok | 输出 300508 tok | 费用 ¥1.0048 | 309s
进度 2950/17922 | 输入 408157 tok | 输出 304354 tok | 费用 ¥1.0169 | 310s
进度 2960/17922 | 输入 410549 tok | 输出 306336 tok | 费用 ¥1.0232 | 310s
进度 2970/17922 | 输入 412860 tok | 输出 308262 tok | 费用 ¥1.0294 | 313s
进度 2980/17922 | 输入 414649 tok | 输出 309690 tok | 费用 ¥1.0340 | 315s
进度 2990/17922 | 输入 416652 tok | 输出 311333 tok | 费用 ¥1.0393 | 318s
进度 3000/17922 | 输入 418755 tok | 输出 313047 tok | 费用 ¥1.0448 | 319s
进度 3010/17922 | 输入 420876 tok | 输出 314703 tok | 费用 ¥1.0503 | 319s
进度 3020/17922 | 输入 422976 tok | 输出 316431 tok | 费用 ¥1.0558 | 320s
进度 3030/17922 | 输入 425047 tok | 输出 318152 tok | 费用 ¥1.0614 | 322s
进度 3040/17922 | 输入 426195 tok | 输出 318925 tok | 费用 ¥1.0640 | 323s
进度 3050/17922 | 输入 428641 tok | 输出 321033 tok | 费用 ¥1.0707 | 327s
进度 3060/17922 | 输入 430514 tok | 输出 322573 tok | 费用 ¥1.0757 | 327s
进度 3070/17922 | 输入 432624 tok | 输出 324342 tok | 费用 ¥1.0813 | 329s
进度 3080/17922 | 输入 434498 tok | 输出 325858 tok | 费用 ¥1.0862 | 331s
进度 3090/17922 | 输入 436472 tok | 输出 327481 tok | 费用 ¥1.0914 | 331s
进度 3100/17922 | 输入 439424 tok | 输出 330017 tok | 费用 ¥1.0995 | 333s
进度 3110/17922 | 输入 441377 tok | 输出 331624 tok | 费用 ¥1.1046 | 336s
进度 3120/17922 | 输入 443229 tok | 输出 333133 tok | 费用 ¥1.1095 | 336s
进度 3130/17922 | 输入 444598 tok | 输出 334148 tok | 费用 ¥1.1129 | 337s
进度 3140/17922 | 输入 446686 tok | 输出 335849 tok | 费用 ¥1.1184 | 338s
进度 3150/17922 | 输入 448256 tok | 输出 337067 tok | 费用 ¥1.1224 | 338s
进度 3160/17922 | 输入 449435 tok | 输出 337908 tok | 费用 ¥1.1253 | 338s
进度 3170/17922 | 输入 450665 tok | 输出 338779 tok | 费用 ¥1.1282 | 342s
进度 3180/17922 | 输入 452252 tok | 输出 340010 tok | 费用 ¥1.1323 | 343s
进度 3190/17922 | 输入 453573 tok | 输出 340976 tok | 费用 ¥1.1355 | 344s
进度 3200/17922 | 输入 454864 tok | 输出 341931 tok | 费用 ¥1.1387 | 344s
进度 3210/17922 | 输入 455589 tok | 输出 342362 tok | 费用 ¥1.1403 | 346s
进度 3220/17922 | 输入 456506 tok | 输出 342954 tok | 费用 ¥1.1424 | 347s
进度 3230/17922 | 输入 458821 tok | 输出 344920 tok | 费用 ¥1.1487 | 349s
进度 3240/17922 | 输入 461762 tok | 输出 347412 tok | 费用 ¥1.1566 | 351s
进度 3250/17922 | 输入 463905 tok | 输出 349136 tok | 费用 ¥1.1622 | 352s
进度 3260/17922 | 输入 466222 tok | 输出 351027 tok | 费用 ¥1.1683 | 354s
进度 3270/17922 | 输入 467724 tok | 输出 352172 tok | 费用 ¥1.1721 | 354s
进度 3280/17922 | 输入 469910 tok | 输出 353948 tok | 费用 ¥1.1778 | 357s
进度 3290/17922 | 输入 471753 tok | 输出 355392 tok | 费用 ¥1.1825 | 357s
进度 3300/17922 | 输入 473804 tok | 输出 357057 tok | 费用 ¥1.1879 | 361s
进度 3310/17922 | 输入 475590 tok | 输出 358549 tok | 费用 ¥1.1927 | 362s
进度 3320/17922 | 输入 478141 tok | 输出 360710 tok | 费用 ¥1.1996 | 362s
进度 3330/17922 | 输入 481250 tok | 输出 363508 tok | 费用 ¥1.2083 | 368s
进度 3340/17922 | 输入 483634 tok | 输出 365510 tok | 费用 ¥1.2147 | 369s
进度 3350/17922 | 输入 485596 tok | 输出 367091 tok | 费用 ¥1.2198 | 371s
进度 3360/17922 | 输入 487900 tok | 输出 368974 tok | 费用 ¥1.2258 | 373s
进度 3370/17922 | 输入 490514 tok | 输出 371098 tok | 费用 ¥1.2327 | 375s
进度 3380/17922 | 输入 491701 tok | 输出 371964 tok | 费用 ¥1.2356 | 376s
进度 3390/17922 | 输入 492309 tok | 输出 372285 tok | 费用 ¥1.2369 | 377s
进度 3400/17922 | 输入 494079 tok | 输出 373658 tok | 费用 ¥1.2414 | 378s
进度 3410/17922 | 输入 498486 tok | 输出 377652 tok | 费用 ¥1.2538 | 378s
进度 3420/17922 | 输入 501264 tok | 输出 379948 tok | 费用 ¥1.2612 | 381s
进度 3430/17922 | 输入 503139 tok | 输出 381436 tok | 费用 ¥1.2660 | 381s
进度 3440/17922 | 输入 504194 tok | 输出 382192 tok | 费用 ¥1.2686 | 382s
进度 3450/17922 | 输入 505543 tok | 输出 383199 tok | 费用 ¥1.2719 | 383s
进度 3460/17922 | 输入 507769 tok | 输出 385078 tok | 费用 ¥1.2779 | 388s
进度 3470/17922 | 输入 510209 tok | 输出 387102 tok | 费用 ¥1.2844 | 390s
进度 3480/17922 | 输入 512133 tok | 输出 388681 tok | 费用 ¥1.2895 | 392s
进度 3490/17922 | 输入 513001 tok | 输出 389223 tok | 费用 ¥1.2914 | 393s
进度 3500/17922 | 输入 515835 tok | 输出 391564 tok | 费用 ¥1.2990 | 395s
进度 3510/17922 | 输入 517830 tok | 输出 393242 tok | 费用 ¥1.3043 | 397s
进度 3520/17922 | 输入 521791 tok | 输出 397059 tok | 费用 ¥1.3159 | 400s
进度 3530/17922 | 输入 523262 tok | 输出 398184 tok | 费用 ¥1.3196 | 400s
进度 3540/17922 | 输入 527046 tok | 输出 401484 tok | 费用 ¥1.3300 | 400s
进度 3550/17922 | 输入 529176 tok | 输出 403221 tok | 费用 ¥1.3356 | 401s
进度 3560/17922 | 输入 529967 tok | 输出 403698 tok | 费用 ¥1.3374 | 404s
进度 3570/17922 | 输入 531681 tok | 输出 404952 tok | 费用 ¥1.3416 | 405s
进度 3580/17922 | 输入 533852 tok | 输出 406668 tok | 费用 ¥1.3472 | 405s
进度 3590/17922 | 输入 535030 tok | 输出 407531 tok | 费用 ¥1.3501 | 405s
进度 3600/17922 | 输入 536225 tok | 输出 408403 tok | 费用 ¥1.3530 | 410s
进度 3610/17922 | 输入 537458 tok | 输出 409307 tok | 费用 ¥1.3561 | 410s
进度 3620/17922 | 输入 538834 tok | 输出 410345 tok | 费用 ¥1.3595 | 411s
进度 3630/17922 | 输入 541115 tok | 输出 412311 tok | 费用 ¥1.3657 | 411s
进度 3640/17922 | 输入 541959 tok | 输出 412855 tok | 费用 ¥1.3677 | 413s
进度 3650/17922 | 输入 542634 tok | 输出 413246 tok | 费用 ¥1.3691 | 414s
进度 3660/17922 | 输入 543487 tok | 输出 413798 tok | 费用 ¥1.3711 | 414s
进度 3670/17922 | 输入 546657 tok | 输出 416470 tok | 费用 ¥1.3796 | 414s
进度 3680/17922 | 输入 548934 tok | 输出 418398 tok | 费用 ¥1.3857 | 414s
进度 3690/17922 | 输入 549887 tok | 输出 419035 tok | 费用 ¥1.3880 | 415s
进度 3700/17922 | 输入 550474 tok | 输出 419347 tok | 费用 ¥1.3892 | 416s
进度 3710/17922 | 输入 551409 tok | 输出 419967 tok | 费用 ¥1.3913 | 417s
进度 3720/17922 | 输入 552837 tok | 输出 421060 tok | 费用 ¥1.3950 | 420s
进度 3730/17922 | 输入 554708 tok | 输出 422620 tok | 费用 ¥1.3999 | 422s
进度 3740/17922 | 输入 556231 tok | 输出 423815 tok | 费用 ¥1.4039 | 422s
进度 3750/17922 | 输入 557541 tok | 输出 424842 tok | 费用 ¥1.4072 | 423s
进度 3760/17922 | 输入 559373 tok | 输出 426316 tok | 费用 ¥1.4120 | 423s
进度 3770/17922 | 输入 560628 tok | 输出 427307 tok | 费用 ¥1.4152 | 426s
进度 3780/17922 | 输入 561911 tok | 输出 428272 tok | 费用 ¥1.4185 | 427s
进度 3790/17922 | 输入 563087 tok | 输出 429064 tok | 费用 ¥1.4212 | 428s
进度 3800/17922 | 输入 566430 tok | 输出 432183 tok | 费用 ¥1.4308 | 429s
进度 3810/17922 | 输入 568004 tok | 输出 433348 tok | 费用 ¥1.4347 | 431s
进度 3820/17922 | 输入 570217 tok | 输出 435051 tok | 费用 ¥1.4403 | 432s
进度 3830/17922 | 输入 571261 tok | 输出 435787 tok | 费用 ¥1.4428 | 433s
进度 3840/17922 | 输入 572451 tok | 输出 436623 tok | 费用 ¥1.4457 | 434s
进度 3850/17922 | 输入 573474 tok | 输出 437329 tok | 费用 ¥1.4481 | 435s
进度 3860/17922 | 输入 575911 tok | 输出 439270 tok | 费用 ¥1.4545 | 437s
进度 3870/17922 | 输入 577006 tok | 输出 440046 tok | 费用 ¥1.4571 | 438s
进度 3880/17922 | 输入 579283 tok | 输出 441867 tok | 费用 ¥1.4630 | 439s
进度 3890/17922 | 输入 580463 tok | 输出 442733 tok | 费用 ¥1.4659 | 440s
进度 3900/17922 | 输入 582105 tok | 输出 444036 tok | 费用 ¥1.4702 | 440s
进度 3910/17922 | 输入 583296 tok | 输出 444903 tok | 费用 ¥1.4731 | 440s
进度 3920/17922 | 输入 584279 tok | 输出 445593 tok | 费用 ¥1.4755 | 442s
进度 3930/17922 | 输入 585019 tok | 输出 446046 tok | 费用 ¥1.4771 | 443s
进度 3940/17922 | 输入 586380 tok | 输出 447062 tok | 费用 ¥1.4805 | 443s
进度 3950/17922 | 输入 587498 tok | 输出 447877 tok | 费用 ¥1.4833 | 445s
进度 3960/17922 | 输入 588943 tok | 输出 449007 tok | 费用 ¥1.4870 | 445s
进度 3970/17922 | 输入 590137 tok | 输出 449863 tok | 费用 ¥1.4899 | 446s
进度 3980/17922 | 输入 591073 tok | 输出 450448 tok | 费用 ¥1.4920 | 446s
进度 3990/17922 | 输入 592354 tok | 输出 451401 tok | 费用 ¥1.4952 | 449s
进度 4000/17922 | 输入 593349 tok | 输出 452061 tok | 费用 ¥1.4975 | 449s
进度 4010/17922 | 输入 594695 tok | 输出 453070 tok | 费用 ¥1.5008 | 451s
进度 4020/17922 | 输入 596548 tok | 输出 454595 tok | 费用 ¥1.5057 | 452s
进度 4030/17922 | 输入 598128 tok | 输出 455810 tok | 费用 ¥1.5097 | 453s
进度 4040/17922 | 输入 599865 tok | 输出 457168 tok | 费用 ¥1.5142 | 454s
进度 4050/17922 | 输入 601447 tok | 输出 458377 tok | 费用 ¥1.5182 | 456s
进度 4060/17922 | 输入 602607 tok | 输出 459197 tok | 费用 ¥1.5210 | 456s
进度 4070/17922 | 输入 604382 tok | 输出 460587 tok | 费用 ¥1.5256 | 457s
进度 4080/17922 | 输入 605598 tok | 输出 461471 tok | 费用 ¥1.5285 | 457s
进度 4090/17922 | 输入 606660 tok | 输出 462163 tok | 费用 ¥1.5310 | 458s
进度 4100/17922 | 输入 607908 tok | 输出 463095 tok | 费用 ¥1.5341 | 458s
进度 4110/17922 | 输入 608710 tok | 输出 463604 tok | 费用 ¥1.5359 | 459s
进度 4120/17922 | 输入 609587 tok | 输出 464176 tok | 费用 ¥1.5379 | 462s
进度 4130/17922 | 输入 610938 tok | 输出 465204 tok | 费用 ¥1.5413 | 463s
进度 4140/17922 | 输入 612428 tok | 输出 466355 tok | 费用 ¥1.5451 | 463s
进度 4150/17922 | 输入 613698 tok | 输出 467293 tok | 费用 ¥1.5483 | 463s
进度 4160/17922 | 输入 615196 tok | 输出 468444 tok | 费用 ¥1.5521 | 463s
进度 4170/17922 | 输入 616408 tok | 输出 469333 tok | 费用 ¥1.5551 | 464s
进度 4180/17922 | 输入 617248 tok | 输出 469874 tok | 费用 ¥1.5570 | 466s
进度 4190/17922 | 输入 618064 tok | 输出 470390 tok | 费用 ¥1.5588 | 466s
  批次失败(第1次, 深度0): Expecting ',' delimiter: line 1 column 1480 (char 1479); 1s 后重试
进度 4200/17922 | 输入 619253 tok | 输出 471230 tok | 费用 ¥1.5617 | 468s
进度 4210/17922 | 输入 620471 tok | 输出 472146 tok | 费用 ¥1.5648 | 469s
进度 4220/17922 | 输入 621688 tok | 输出 473046 tok | 费用 ¥1.5678 | 469s
进度 4230/17922 | 输入 622683 tok | 输出 473719 tok | 费用 ¥1.5701 | 470s
进度 4240/17922 | 输入 623668 tok | 输出 474364 tok | 费用 ¥1.5724 | 471s
进度 4250/17922 | 输入 625065 tok | 输出 475436 tok | 费用 ¥1.5759 | 472s
进度 4260/17922 | 输入 626161 tok | 输出 476210 tok | 费用 ¥1.5786 | 472s
进度 4270/17922 | 输入 627277 tok | 输出 477003 tok | 费用 ¥1.5813 | 473s
进度 4280/17922 | 输入 628587 tok | 输出 477985 tok | 费用 ¥1.5846 | 475s
进度 4290/17922 | 输入 629715 tok | 输出 478817 tok | 费用 ¥1.5873 | 476s
进度 4300/17922 | 输入 631313 tok | 输出 480076 tok | 费用 ¥1.5915 | 477s
进度 4310/17922 | 输入 632605 tok | 输出 481065 tok | 费用 ¥1.5947 | 477s
进度 4320/17922 | 输入 633623 tok | 输出 481794 tok | 费用 ¥1.5972 | 477s
进度 4330/17922 | 输入 635268 tok | 输出 483093 tok | 费用 ¥1.6015 | 478s
进度 4340/17922 | 输入 636313 tok | 输出 483862 tok | 费用 ¥1.6040 | 480s
进度 4350/17922 | 输入 637078 tok | 输出 484325 tok | 费用 ¥1.6057 | 480s
进度 4360/17922 | 输入 637957 tok | 输出 484886 tok | 费用 ¥1.6077 | 481s
进度 4370/17922 | 输入 638887 tok | 输出 485515 tok | 费用 ¥1.6099 | 481s
进度 4380/17922 | 输入 640184 tok | 输出 486485 tok | 费用 ¥1.6132 | 482s
进度 4390/17922 | 输入 641605 tok | 输出 487597 tok | 费用 ¥1.6168 | 484s
进度 4400/17922 | 输入 642729 tok | 输出 488439 tok | 费用 ¥1.6196 | 484s
进度 4410/17922 | 输入 644002 tok | 输出 489434 tok | 费用 ¥1.6229 | 485s
进度 4420/17922 | 输入 645283 tok | 输出 490417 tok | 费用 ¥1.6261 | 487s
  批次失败(第1次, 深度0): Expecting ',' delimiter: line 1 column 2284 (char 2283); 1s 后重试
进度 4430/17922 | 输入 646462 tok | 输出 491318 tok | 费用 ¥1.6291 | 487s
进度 4440/17922 | 输入 647285 tok | 输出 491817 tok | 费用 ¥1.6309 | 488s
进度 4450/17922 | 输入 648087 tok | 输出 492315 tok | 费用 ¥1.6327 | 488s
进度 4460/17922 | 输入 648833 tok | 输出 492760 tok | 费用 ¥1.6344 | 489s
进度 4470/17922 | 输入 649514 tok | 输出 493152 tok | 费用 ¥1.6358 | 490s
进度 4480/17922 | 输入 650238 tok | 输出 493579 tok | 费用 ¥1.6374 | 491s
进度 4490/17922 | 输入 650959 tok | 输出 494000 tok | 费用 ¥1.6390 | 491s
进度 4500/17922 | 输入 651689 tok | 输出 494433 tok | 费用 ¥1.6406 | 492s
进度 4510/17922 | 输入 652615 tok | 输出 495065 tok | 费用 ¥1.6427 | 493s
进度 4520/17922 | 输入 653265 tok | 输出 495428 tok | 费用 ¥1.6441 | 493s
进度 4530/17922 | 输入 654576 tok | 输出 496412 tok | 费用 ¥1.6474 | 494s
进度 4540/17922 | 输入 655316 tok | 输出 496858 tok | 费用 ¥1.6490 | 494s
进度 4550/17922 | 输入 656225 tok | 输出 497464 tok | 费用 ¥1.6512 | 495s
进度 4560/17922 | 输入 657092 tok | 输出 498006 tok | 费用 ¥1.6531 | 495s
进度 4570/17922 | 输入 657904 tok | 输出 498501 tok | 费用 ¥1.6549 | 497s
进度 4580/17922 | 输入 658962 tok | 输出 499237 tok | 费用 ¥1.6574 | 498s
进度 4590/17922 | 输入 659986 tok | 输出 499927 tok | 费用 ¥1.6598 | 499s
进度 4600/17922 | 输入 660883 tok | 输出 500505 tok | 费用 ¥1.6619 | 499s
进度 4610/17922 | 输入 662060 tok | 输出 501329 tok | 费用 ¥1.6647 | 501s
进度 4620/17922 | 输入 664053 tok | 输出 502953 tok | 费用 ¥1.6700 | 501s
进度 4630/17922 | 输入 665032 tok | 输出 503584 tok | 费用 ¥1.6722 | 502s
进度 4640/17922 | 输入 666058 tok | 输出 504280 tok | 费用 ¥1.6746 | 502s
进度 4650/17922 | 输入 666703 tok | 输出 504626 tok | 费用 ¥1.6760 | 502s
进度 4660/17922 | 输入 667355 tok | 输出 504981 tok | 费用 ¥1.6773 | 504s
进度 4670/17922 | 输入 668388 tok | 输出 505670 tok | 费用 ¥1.6797 | 504s
进度 4680/17922 | 输入 669244 tok | 输出 506203 tok | 费用 ¥1.6816 | 505s
进度 4690/17922 | 输入 670177 tok | 输出 506798 tok | 费用 ¥1.6838 | 506s
进度 4700/17922 | 输入 671362 tok | 输出 507673 tok | 费用 ¥1.6867 | 508s
进度 4710/17922 | 输入 672607 tok | 输出 508621 tok | 费用 ¥1.6898 | 508s
进度 4720/17922 | 输入 673688 tok | 输出 509423 tok | 费用 ¥1.6925 | 509s
进度 4730/17922 | 输入 674925 tok | 输出 510360 tok | 费用 ¥1.6956 | 509s
进度 4740/17922 | 输入 675828 tok | 输出 510942 tok | 费用 ¥1.6977 | 510s
进度 4750/17922 | 输入 676929 tok | 输出 511697 tok | 费用 ¥1.7003 | 511s
进度 4760/17922 | 输入 677894 tok | 输出 512343 tok | 费用 ¥1.7026 | 512s
进度 4770/17922 | 输入 678791 tok | 输出 512915 tok | 费用 ¥1.7046 | 512s
进度 4780/17922 | 输入 679770 tok | 输出 513572 tok | 费用 ¥1.7069 | 515s
进度 4790/17922 | 输入 680696 tok | 输出 514161 tok | 费用 ¥1.7090 | 516s
进度 4800/17922 | 输入 682746 tok | 输出 515840 tok | 费用 ¥1.7144 | 520s
进度 4810/17922 | 输入 684703 tok | 输出 517399 tok | 费用 ¥1.7195 | 521s
进度 4820/17922 | 输入 687569 tok | 输出 519836 tok | 费用 ¥1.7272 | 522s
进度 4830/17922 | 输入 689208 tok | 输出 521070 tok | 费用 ¥1.7313 | 523s
进度 4840/17922 | 输入 690994 tok | 输出 522452 tok | 费用 ¥1.7359 | 524s
进度 4850/17922 | 输入 694248 tok | 输出 525331 tok | 费用 ¥1.7449 | 525s
进度 4860/17922 | 输入 695465 tok | 输出 526198 tok | 费用 ¥1.7479 | 527s
进度 4870/17922 | 输入 697245 tok | 输出 527530 tok | 费用 ¥1.7523 | 528s
进度 4880/17922 | 输入 698530 tok | 输出 528499 tok | 费用 ¥1.7555 | 529s
进度 4890/17922 | 输入 700500 tok | 输出 530076 tok | 费用 ¥1.7607 | 532s
进度 4900/17922 | 输入 701601 tok | 输出 530819 tok | 费用 ¥1.7632 | 533s
进度 4910/17922 | 输入 702779 tok | 输出 531640 tok | 费用 ¥1.7661 | 533s
  批次失败(第1次, 深度0): Expecting ',' delimiter: line 1 column 1840 (char 1839); 1s 后重试
进度 4920/17922 | 输入 704913 tok | 输出 533293 tok | 费用 ¥1.7715 | 534s
进度 4930/17922 | 输入 705722 tok | 输出 533813 tok | 费用 ¥1.7733 | 537s
进度 4940/17922 | 输入 706808 tok | 输出 534559 tok | 费用 ¥1.7759 | 539s
进度 4950/17922 | 输入 709699 tok | 输出 536994 tok | 费用 ¥1.7837 | 539s
进度 4960/17922 | 输入 710840 tok | 输出 537767 tok | 费用 ¥1.7864 | 539s
进度 4970/17922 | 输入 711470 tok | 输出 538107 tok | 费用 ¥1.7877 | 542s
进度 4980/17922 | 输入 712609 tok | 输出 538898 tok | 费用 ¥1.7904 | 542s
进度 4990/17922 | 输入 714800 tok | 输出 540797 tok | 费用 ¥1.7964 | 543s
进度 5000/17922 | 输入 715695 tok | 输出 541349 tok | 费用 ¥1.7984 | 543s
进度 5010/17922 | 输入 716962 tok | 输出 542275 tok | 费用 ¥1.8015 | 545s
进度 5020/17922 | 输入 719435 tok | 输出 544387 tok | 费用 ¥1.8082 | 545s
进度 5030/17922 | 输入 720462 tok | 输出 545073 tok | 费用 ¥1.8106 | 547s
进度 5040/17922 | 输入 721126 tok | 输出 545463 tok | 费用 ¥1.8121 | 547s
进度 5050/17922 | 输入 721814 tok | 输出 545857 tok | 费用 ¥1.8135 | 548s
进度 5060/17922 | 输入 723350 tok | 输出 546967 tok | 费用 ¥1.8173 | 548s
进度 5070/17922 | 输入 724080 tok | 输出 547408 tok | 费用 ¥1.8189 | 550s
进度 5080/17922 | 输入 726007 tok | 输出 548960 tok | 费用 ¥1.8239 | 551s
进度 5090/17922 | 输入 726939 tok | 输出 549556 tok | 费用 ¥1.8261 | 551s
进度 5100/17922 | 输入 727585 tok | 输出 549912 tok | 费用 ¥1.8274 | 553s
进度 5110/17922 | 输入 728234 tok | 输出 550277 tok | 费用 ¥1.8288 | 553s
进度 5120/17922 | 输入 729479 tok | 输出 551202 tok | 费用 ¥1.8319 | 553s
进度 5130/17922 | 输入 731725 tok | 输出 553030 tok | 费用 ¥1.8378 | 553s
进度 5140/17922 | 输入 733166 tok | 输出 554152 tok | 费用 ¥1.8415 | 554s
进度 5150/17922 | 输入 734165 tok | 输出 554840 tok | 费用 ¥1.8438 | 555s
进度 5160/17922 | 输入 734989 tok | 输出 555358 tok | 费用 ¥1.8457 | 557s
进度 5170/17922 | 输入 735923 tok | 输出 555996 tok | 费用 ¥1.8479 | 557s
进度 5180/17922 | 输入 736916 tok | 输出 556733 tok | 费用 ¥1.8504 | 557s
进度 5190/17922 | 输入 737982 tok | 输出 557472 tok | 费用 ¥1.8529 | 557s
进度 5200/17922 | 输入 738901 tok | 输出 558063 tok | 费用 ¥1.8550 | 559s
进度 5210/17922 | 输入 740390 tok | 输出 559201 tok | 费用 ¥1.8588 | 561s
进度 5220/17922 | 输入 741871 tok | 输出 560273 tok | 费用 ¥1.8624 | 563s
进度 5230/17922 | 输入 743247 tok | 输出 561303 tok | 费用 ¥1.8659 | 563s
进度 5240/17922 | 输入 745370 tok | 输出 563019 tok | 费用 ¥1.8714 | 566s
进度 5250/17922 | 输入 747488 tok | 输出 564744 tok | 费用 ¥1.8770 | 567s
进度 5260/17922 | 输入 749831 tok | 输出 566633 tok | 费用 ¥1.8831 | 570s
进度 5270/17922 | 输入 752302 tok | 输出 568657 tok | 费用 ¥1.8896 | 572s
进度 5280/17922 | 输入 754275 tok | 输出 570267 tok | 费用 ¥1.8948 | 572s
进度 5290/17922 | 输入 756518 tok | 输出 572033 tok | 费用 ¥1.9006 | 577s
进度 5300/17922 | 输入 760053 tok | 输出 575057 tok | 费用 ¥1.9102 | 578s
进度 5310/17922 | 输入 762566 tok | 输出 577179 tok | 费用 ¥1.9169 | 581s
进度 5320/17922 | 输入 765041 tok | 输出 579233 tok | 费用 ¥1.9235 | 583s
进度 5330/17922 | 输入 767679 tok | 输出 581417 tok | 费用 ¥1.9305 | 583s
进度 5340/17922 | 输入 771805 tok | 输出 584963 tok | 费用 ¥1.9417 | 585s
进度 5350/17922 | 输入 773673 tok | 输出 586489 tok | 费用 ¥1.9467 | 585s
进度 5360/17922 | 输入 775617 tok | 输出 588092 tok | 费用 ¥1.9518 | 589s
进度 5370/17922 | 输入 776919 tok | 输出 589047 tok | 费用 ¥1.9550 | 591s
进度 5380/17922 | 输入 779977 tok | 输出 591580 tok | 费用 ¥1.9631 | 592s
进度 5390/17922 | 输入 781988 tok | 输出 593218 tok | 费用 ¥1.9684 | 592s
进度 5400/17922 | 输入 784964 tok | 输出 595692 tok | 费用 ¥1.9763 | 596s
进度 5410/17922 | 输入 786080 tok | 输出 596477 tok | 费用 ¥1.9790 | 596s
进度 5420/17922 | 输入 787162 tok | 输出 597231 tok | 费用 ¥1.9816 | 597s
进度 5430/17922 | 输入 788750 tok | 输出 598476 tok | 费用 ¥1.9857 | 597s
进度 5440/17922 | 输入 790092 tok | 输出 599499 tok | 费用 ¥1.9891 | 597s
进度 5450/17922 | 输入 793162 tok | 输出 602042 tok | 费用 ¥1.9972 | 599s
进度 5460/17922 | 输入 793761 tok | 输出 602343 tok | 费用 ¥1.9984 | 599s
进度 5470/17922 | 输入 794469 tok | 输出 602771 tok | 费用 ¥2.0000 | 600s
进度 5480/17922 | 输入 795421 tok | 输出 603410 tok | 费用 ¥2.0022 | 600s
进度 5490/17922 | 输入 796391 tok | 输出 604077 tok | 费用 ¥2.0045 | 601s
进度 5500/17922 | 输入 797302 tok | 输出 604665 tok | 费用 ¥2.0066 | 601s
进度 5510/17922 | 输入 798130 tok | 输出 605184 tok | 费用 ¥2.0085 | 602s
进度 5520/17922 | 输入 799332 tok | 输出 606089 tok | 费用 ¥2.0115 | 604s
进度 5530/17922 | 输入 800578 tok | 输出 606971 tok | 费用 ¥2.0145 | 606s
进度 5540/17922 | 输入 802402 tok | 输出 608425 tok | 费用 ¥2.0193 | 610s
进度 5550/17922 | 输入 804620 tok | 输出 610262 tok | 费用 ¥2.0251 | 613s
进度 5560/17922 | 输入 806656 tok | 输出 611923 tok | 费用 ¥2.0305 | 616s
进度 5570/17922 | 输入 808118 tok | 输出 612997 tok | 费用 ¥2.0341 | 617s
进度 5580/17922 | 输入 810727 tok | 输出 615186 tok | 费用 ¥2.0411 | 617s
进度 5590/17922 | 输入 814727 tok | 输出 618664 tok | 费用 ¥2.0521 | 618s
进度 5600/17922 | 输入 818397 tok | 输出 622047 tok | 费用 ¥2.0625 | 618s
进度 5610/17922 | 输入 819509 tok | 输出 622813 tok | 费用 ¥2.0651 | 621s
进度 5620/17922 | 输入 820654 tok | 输出 623592 tok | 费用 ¥2.0678 | 623s
进度 5630/17922 | 输入 821918 tok | 输出 624589 tok | 费用 ¥2.0711 | 623s
进度 5640/17922 | 输入 823007 tok | 输出 625337 tok | 费用 ¥2.0737 | 626s
进度 5650/17922 | 输入 824995 tok | 输出 626916 tok | 费用 ¥2.0788 | 626s
进度 5660/17922 | 输入 828126 tok | 输出 629570 tok | 费用 ¥2.0873 | 627s
进度 5670/17922 | 输入 830445 tok | 输出 631403 tok | 费用 ¥2.0933 | 632s
进度 5680/17922 | 输入 832055 tok | 输出 632604 tok | 费用 ¥2.0973 | 633s
进度 5690/17922 | 输入 833770 tok | 输出 633914 tok | 费用 ¥2.1016 | 633s
进度 5700/17922 | 输入 835527 tok | 输出 635242 tok | 费用 ¥2.1060 | 635s
进度 5710/17922 | 输入 838367 tok | 输出 637638 tok | 费用 ¥2.1136 | 636s
进度 5720/17922 | 输入 839500 tok | 输出 638457 tok | 费用 ¥2.1164 | 638s
进度 5730/17922 | 输入 844492 tok | 输出 642923 tok | 费用 ¥2.1303 | 639s
进度 5740/17922 | 输入 845835 tok | 输出 643917 tok | 费用 ¥2.1337 | 640s
进度 5750/17922 | 输入 847435 tok | 输出 645147 tok | 费用 ¥2.1377 | 641s
进度 5760/17922 | 输入 849326 tok | 输出 646621 tok | 费用 ¥2.1426 | 641s
进度 5770/17922 | 输入 851140 tok | 输出 648085 tok | 费用 ¥2.1473 | 644s
进度 5780/17922 | 输入 851977 tok | 输出 648628 tok | 费用 ¥2.1492 | 644s
进度 5790/17922 | 输入 853686 tok | 输出 649938 tok | 费用 ¥2.1536 | 645s
进度 5800/17922 | 输入 854801 tok | 输出 650750 tok | 费用 ¥2.1563 | 645s
进度 5810/17922 | 输入 855858 tok | 输出 651466 tok | 费用 ¥2.1588 | 648s
进度 5820/17922 | 输入 858350 tok | 输出 653526 tok | 费用 ¥2.1654 | 651s
进度 5830/17922 | 输入 860862 tok | 输出 655657 tok | 费用 ¥2.1722 | 653s
进度 5840/17922 | 输入 862374 tok | 输出 656729 tok | 费用 ¥2.1758 | 654s
进度 5850/17922 | 输入 864317 tok | 输出 658254 tok | 费用 ¥2.1808 | 654s
进度 5860/17922 | 输入 866486 tok | 输出 659924 tok | 费用 ¥2.1863 | 655s
进度 5870/17922 | 输入 869006 tok | 输出 662005 tok | 费用 ¥2.1930 | 655s
进度 5880/17922 | 输入 870153 tok | 输出 662803 tok | 费用 ¥2.1958 | 656s
进度 5890/17922 | 输入 870966 tok | 输出 663317 tok | 费用 ¥2.1976 | 657s
进度 5900/17922 | 输入 871777 tok | 输出 663836 tok | 费用 ¥2.1994 | 658s
进度 5910/17922 | 输入 872492 tok | 输出 664222 tok | 费用 ¥2.2009 | 658s
进度 5920/17922 | 输入 873434 tok | 输出 664835 tok | 费用 ¥2.2031 | 659s
进度 5930/17922 | 输入 874739 tok | 输出 665782 tok | 费用 ¥2.2063 | 659s
进度 5940/17922 | 输入 875439 tok | 输出 666168 tok | 费用 ¥2.2078 | 660s
进度 5950/17922 | 输入 876454 tok | 输出 666862 tok | 费用 ¥2.2102 | 660s
进度 5960/17922 | 输入 877279 tok | 输出 667379 tok | 费用 ¥2.2120 | 660s
进度 5970/17922 | 输入 878220 tok | 输出 667995 tok | 费用 ¥2.2142 | 661s
进度 5980/17922 | 输入 879035 tok | 输出 668498 tok | 费用 ¥2.2160 | 662s
进度 5990/17922 | 输入 879847 tok | 输出 668973 tok | 费用 ¥2.2178 | 663s
进度 6000/17922 | 输入 880933 tok | 输出 669742 tok | 费用 ¥2.2204 | 663s
进度 6010/17922 | 输入 881720 tok | 输出 670216 tok | 费用 ¥2.2222 | 664s
进度 6020/17922 | 输入 882729 tok | 输出 670868 tok | 费用 ¥2.2245 | 664s
进度 6030/17922 | 输入 883606 tok | 输出 671414 tok | 费用 ¥2.2264 | 665s
进度 6040/17922 | 输入 884453 tok | 输出 671940 tok | 费用 ¥2.2283 | 665s
进度 6050/17922 | 输入 885533 tok | 输出 672674 tok | 费用 ¥2.2309 | 668s
进度 6060/17922 | 输入 886306 tok | 输出 673127 tok | 费用 ¥2.2326 | 668s
进度 6070/17922 | 输入 887340 tok | 输出 673839 tok | 费用 ¥2.2350 | 668s
进度 6080/17922 | 输入 888461 tok | 输出 674585 tok | 费用 ¥2.2376 | 668s
进度 6090/17922 | 输入 889459 tok | 输出 675231 tok | 费用 ¥2.2399 | 668s
进度 6100/17922 | 输入 890303 tok | 输出 675762 tok | 费用 ¥2.2418 | 668s
进度 6110/17922 | 输入 891107 tok | 输出 676252 tok | 费用 ¥2.2436 | 671s
进度 6120/17922 | 输入 891838 tok | 输出 676661 tok | 费用 ¥2.2452 | 671s
进度 6130/17922 | 输入 892752 tok | 输出 677269 tok | 费用 ¥2.2473 | 671s
进度 6140/17922 | 输入 893780 tok | 输出 678000 tok | 费用 ¥2.2498 | 671s
进度 6150/17922 | 输入 894906 tok | 输出 678808 tok | 费用 ¥2.2525 | 672s
进度 6160/17922 | 输入 896126 tok | 输出 679710 tok | 费用 ¥2.2555 | 672s
进度 6170/17922 | 输入 896923 tok | 输出 680183 tok | 费用 ¥2.2573 | 674s
进度 6180/17922 | 输入 897820 tok | 输出 680741 tok | 费用 ¥2.2593 | 674s
进度 6190/17922 | 输入 898402 tok | 输出 681030 tok | 费用 ¥2.2605 | 674s
进度 6200/17922 | 输入 899493 tok | 输出 681778 tok | 费用 ¥2.2630 | 676s
进度 6210/17922 | 输入 900658 tok | 输出 682588 tok | 费用 ¥2.2658 | 676s
进度 6220/17922 | 输入 901326 tok | 输出 682951 tok | 费用 ¥2.2672 | 676s
进度 6230/17922 | 输入 902069 tok | 输出 683363 tok | 费用 ¥2.2688 | 676s
进度 6240/17922 | 输入 902765 tok | 输出 683747 tok | 费用 ¥2.2703 | 677s
进度 6250/17922 | 输入 904152 tok | 输出 684786 tok | 费用 ¥2.2737 | 678s
进度 6260/17922 | 输入 904986 tok | 输出 685312 tok | 费用 ¥2.2756 | 680s
进度 6270/17922 | 输入 905941 tok | 输出 685959 tok | 费用 ¥2.2779 | 680s
进度 6280/17922 | 输入 906784 tok | 输出 686479 tok | 费用 ¥2.2797 | 680s
进度 6290/17922 | 输入 907605 tok | 输出 686945 tok | 费用 ¥2.2815 | 681s
进度 6300/17922 | 输入 908818 tok | 输出 687853 tok | 费用 ¥2.2845 | 682s
进度 6310/17922 | 输入 909445 tok | 输出 688193 tok | 费用 ¥2.2858 | 682s
进度 6320/17922 | 输入 910145 tok | 输出 688603 tok | 费用 ¥2.2874 | 682s
进度 6330/17922 | 输入 911557 tok | 输出 689676 tok | 费用 ¥2.2909 | 683s
进度 6340/17922 | 输入 912409 tok | 输出 690227 tok | 费用 ¥2.2929 | 683s
进度 6350/17922 | 输入 913053 tok | 输出 690570 tok | 费用 ¥2.2942 | 683s
进度 6360/17922 | 输入 913858 tok | 输出 691071 tok | 费用 ¥2.2960 | 686s
进度 6370/17922 | 输入 914965 tok | 输出 691873 tok | 费用 ¥2.2987 | 686s
进度 6380/17922 | 输入 916049 tok | 输出 692663 tok | 费用 ¥2.3014 | 687s
进度 6390/17922 | 输入 917223 tok | 输出 693509 tok | 费用 ¥2.3042 | 688s
进度 6400/17922 | 输入 918494 tok | 输出 694426 tok | 费用 ¥2.3073 | 688s
进度 6410/17922 | 输入 919695 tok | 输出 695258 tok | 费用 ¥2.3102 | 688s
进度 6420/17922 | 输入 920491 tok | 输出 695733 tok | 费用 ¥2.3120 | 689s
进度 6430/17922 | 输入 921404 tok | 输出 696291 tok | 费用 ¥2.3140 | 690s
进度 6440/17922 | 输入 922271 tok | 输出 696834 tok | 费用 ¥2.3159 | 691s
进度 6450/17922 | 输入 923147 tok | 输出 697384 tok | 费用 ¥2.3179 | 691s
进度 6460/17922 | 输入 924276 tok | 输出 698194 tok | 费用 ¥2.3207 | 691s
进度 6470/17922 | 输入 925312 tok | 输出 698887 tok | 费用 ¥2.3231 | 692s
进度 6480/17922 | 输入 926151 tok | 输出 699415 tok | 费用 ¥2.3250 | 692s
进度 6490/17922 | 输入 926900 tok | 输出 699835 tok | 费用 ¥2.3266 | 694s
进度 6500/17922 | 输入 927649 tok | 输出 700309 tok | 费用 ¥2.3283 | 694s
进度 6510/17922 | 输入 928806 tok | 输出 701142 tok | 费用 ¥2.3311 | 695s
进度 6520/17922 | 输入 929904 tok | 输出 701915 tok | 费用 ¥2.3337 | 696s
进度 6530/17922 | 输入 930838 tok | 输出 702562 tok | 费用 ¥2.3360 | 697s
进度 6540/17922 | 输入 931832 tok | 输出 703272 tok | 费用 ¥2.3384 | 697s
进度 6550/17922 | 输入 932692 tok | 输出 703821 tok | 费用 ¥2.3403 | 698s
进度 6560/17922 | 输入 933435 tok | 输出 704252 tok | 费用 ¥2.3419 | 698s
进度 6570/17922 | 输入 934587 tok | 输出 705110 tok | 费用 ¥2.3448 | 699s
进度 6580/17922 | 输入 935635 tok | 输出 705824 tok | 费用 ¥2.3473 | 701s
进度 6590/17922 | 输入 936742 tok | 输出 706580 tok | 费用 ¥2.3499 | 701s
进度 6600/17922 | 输入 937668 tok | 输出 707193 tok | 费用 ¥2.3521 | 702s
进度 6610/17922 | 输入 939276 tok | 输出 708435 tok | 费用 ¥2.3561 | 703s
进度 6620/17922 | 输入 940048 tok | 输出 708895 tok | 费用 ¥2.3578 | 704s
进度 6630/17922 | 输入 940940 tok | 输出 709447 tok | 费用 ¥2.3598 | 705s
进度 6640/17922 | 输入 941711 tok | 输出 709921 tok | 费用 ¥2.3616 | 705s
进度 6650/17922 | 输入 942663 tok | 输出 710571 tok | 费用 ¥2.3638 | 707s
进度 6660/17922 | 输入 944681 tok | 输出 712205 tok | 费用 ¥2.3691 | 707s
进度 6670/17922 | 输入 945515 tok | 输出 712732 tok | 费用 ¥2.3710 | 708s
进度 6680/17922 | 输入 947988 tok | 输出 714813 tok | 费用 ¥2.3776 | 709s
进度 6690/17922 | 输入 949143 tok | 输出 715632 tok | 费用 ¥2.3804 | 709s
进度 6700/17922 | 输入 950189 tok | 输出 716339 tok | 费用 ¥2.3829 | 709s
进度 6710/17922 | 输入 951124 tok | 输出 716949 tok | 费用 ¥2.3850 | 711s
进度 6720/17922 | 输入 952132 tok | 输出 717618 tok | 费用 ¥2.3874 | 712s
进度 6730/17922 | 输入 953062 tok | 输出 718257 tok | 费用 ¥2.3896 | 712s
进度 6740/17922 | 输入 954035 tok | 输出 718933 tok | 费用 ¥2.3919 | 713s
进度 6750/17922 | 输入 954979 tok | 输出 719581 tok | 费用 ¥2.3941 | 713s
进度 6760/17922 | 输入 955994 tok | 输出 720301 tok | 费用 ¥2.3966 | 713s
进度 6770/17922 | 输入 956926 tok | 输出 720943 tok | 费用 ¥2.3988 | 714s
进度 6780/17922 | 输入 957898 tok | 输出 721639 tok | 费用 ¥2.4012 | 716s
进度 6790/17922 | 输入 958592 tok | 输出 722031 tok | 费用 ¥2.4027 | 716s
进度 6800/17922 | 输入 959289 tok | 输出 722432 tok | 费用 ¥2.4042 | 716s
进度 6810/17922 | 输入 960281 tok | 输出 723118 tok | 费用 ¥2.4065 | 716s
进度 6820/17922 | 输入 961182 tok | 输出 723726 tok | 费用 ¥2.4086 | 717s
进度 6830/17922 | 输入 961881 tok | 输出 724097 tok | 费用 ¥2.4101 | 718s
进度 6840/17922 | 输入 962832 tok | 输出 724748 tok | 费用 ¥2.4123 | 720s
进度 6850/17922 | 输入 964264 tok | 输出 725872 tok | 费用 ¥2.4160 | 720s
进度 6860/17922 | 输入 965392 tok | 输出 726683 tok | 费用 ¥2.4188 | 721s
进度 6870/17922 | 输入 966367 tok | 输出 727295 tok | 费用 ¥2.4210 | 723s
进度 6880/17922 | 输入 967901 tok | 输出 728469 tok | 费用 ¥2.4248 | 723s
进度 6890/17922 | 输入 969361 tok | 输出 729574 tok | 费用 ¥2.4285 | 724s
进度 6900/17922 | 输入 970278 tok | 输出 730191 tok | 费用 ¥2.4307 | 725s
进度 6910/17922 | 输入 972204 tok | 输出 731704 tok | 费用 ¥2.4356 | 728s
进度 6920/17922 | 输入 973340 tok | 输出 732526 tok | 费用 ¥2.4384 | 728s
进度 6930/17922 | 输入 975099 tok | 输出 733961 tok | 费用 ¥2.4430 | 728s
进度 6940/17922 | 输入 976368 tok | 输出 734995 tok | 费用 ¥2.4464 | 730s
进度 6950/17922 | 输入 978101 tok | 输出 736375 tok | 费用 ¥2.4509 | 731s
进度 6960/17922 | 输入 979590 tok | 输出 737658 tok | 费用 ¥2.4549 | 733s
进度 6970/17922 | 输入 981174 tok | 输出 738917 tok | 费用 ¥2.4590 | 735s
进度 6980/17922 | 输入 982689 tok | 输出 740214 tok | 费用 ¥2.4631 | 736s
进度 6990/17922 | 输入 984077 tok | 输出 741293 tok | 费用 ¥2.4667 | 736s
进度 7000/17922 | 输入 986309 tok | 输出 743373 tok | 费用 ¥2.4731 | 739s
进度 7010/17922 | 输入 987923 tok | 输出 744695 tok | 费用 ¥2.4773 | 739s
进度 7020/17922 | 输入 989287 tok | 输出 745712 tok | 费用 ¥2.4807 | 739s
进度 7030/17922 | 输入 990278 tok | 输出 746375 tok | 费用 ¥2.4830 | 740s
进度 7040/17922 | 输入 991393 tok | 输出 747183 tok | 费用 ¥2.4858 | 741s
进度 7050/17922 | 输入 993138 tok | 输出 748633 tok | 费用 ¥2.4904 | 743s
进度 7060/17922 | 输入 994087 tok | 输出 749257 tok | 费用 ¥2.4926 | 744s
进度 7070/17922 | 输入 995442 tok | 输出 750252 tok | 费用 ¥2.4959 | 745s
进度 7080/17922 | 输入 997848 tok | 输出 752177 tok | 费用 ¥2.5022 | 749s
进度 7090/17922 | 输入 999569 tok | 输出 753492 tok | 费用 ¥2.5066 | 751s
进度 7100/17922 | 输入 1002477 tok | 输出 755947 tok | 费用 ¥2.5144 | 752s
进度 7110/17922 | 输入 1004353 tok | 输出 757416 tok | 费用 ¥2.5192 | 753s
进度 7120/17922 | 输入 1006837 tok | 输出 759451 tok | 费用 ¥2.5257 | 755s
进度 7130/17922 | 输入 1008494 tok | 输出 760733 tok | 费用 ¥2.5300 | 759s
进度 7140/17922 | 输入 1012562 tok | 输出 764373 tok | 费用 ¥2.5413 | 760s
进度 7150/17922 | 输入 1014781 tok | 输出 766240 tok | 费用 ¥2.5473 | 760s
进度 7160/17922 | 输入 1016294 tok | 输出 767384 tok | 费用 ¥2.5511 | 760s
进度 7170/17922 | 输入 1017996 tok | 输出 768763 tok | 费用 ¥2.5555 | 762s
进度 7180/17922 | 输入 1020258 tok | 输出 770592 tok | 费用 ¥2.5614 | 763s
进度 7190/17922 | 输入 1021685 tok | 输出 771611 tok | 费用 ¥2.5649 | 765s
进度 7200/17922 | 输入 1023010 tok | 输出 772546 tok | 费用 ¥2.5681 | 765s
进度 7210/17922 | 输入 1024543 tok | 输出 773701 tok | 费用 ¥2.5719 | 767s
进度 7220/17922 | 输入 1026148 tok | 输出 774936 tok | 费用 ¥2.5760 | 770s
进度 7230/17922 | 输入 1028319 tok | 输出 776730 tok | 费用 ¥2.5818 | 770s
进度 7240/17922 | 输入 1030269 tok | 输出 778268 tok | 费用 ¥2.5868 | 772s
进度 7250/17922 | 输入 1031272 tok | 输出 778939 tok | 费用 ¥2.5892 | 774s
进度 7260/17922 | 输入 1033612 tok | 输出 780849 tok | 费用 ¥2.5953 | 777s
进度 7270/17922 | 输入 1036665 tok | 输出 783399 tok | 费用 ¥2.6035 | 779s
进度 7280/17922 | 输入 1039362 tok | 输出 785690 tok | 费用 ¥2.6107 | 779s
进度 7290/17922 | 输入 1040700 tok | 输出 786669 tok | 费用 ¥2.6140 | 780s
进度 7300/17922 | 输入 1042781 tok | 输出 788285 tok | 费用 ¥2.6194 | 781s
进度 7310/17922 | 输入 1044046 tok | 输出 789168 tok | 费用 ¥2.6224 | 782s
进度 7320/17922 | 输入 1045102 tok | 输出 789873 tok | 费用 ¥2.6248 | 783s
进度 7330/17922 | 输入 1048489 tok | 输出 792793 tok | 费用 ¥2.6341 | 786s
进度 7340/17922 | 输入 1050996 tok | 输出 794912 tok | 费用 ¥2.6408 | 790s
进度 7350/17922 | 输入 1053563 tok | 输出 796983 tok | 费用 ¥2.6475 | 790s
进度 7360/17922 | 输入 1055694 tok | 输出 798662 tok | 费用 ¥2.6530 | 791s
进度 7370/17922 | 输入 1058463 tok | 输出 800946 tok | 费用 ¥2.6604 | 793s
进度 7380/17922 | 输入 1060821 tok | 输出 802853 tok | 费用 ¥2.6665 | 796s
进度 7390/17922 | 输入 1062480 tok | 输出 804100 tok | 费用 ¥2.6707 | 798s
进度 7400/17922 | 输入 1064014 tok | 输出 805278 tok | 费用 ¥2.6746 | 798s
进度 7410/17922 | 输入 1065481 tok | 输出 806360 tok | 费用 ¥2.6782 | 800s
进度 7420/17922 | 输入 1069241 tok | 输出 809611 tok | 费用 ¥2.6885 | 800s
进度 7430/17922 | 输入 1070637 tok | 输出 810631 tok | 费用 ¥2.6919 | 804s
进度 7440/17922 | 输入 1071684 tok | 输出 811348 tok | 费用 ¥2.6944 | 804s
进度 7450/17922 | 输入 1075009 tok | 输出 814115 tok | 费用 ¥2.7032 | 806s
进度 7460/17922 | 输入 1076650 tok | 输出 815378 tok | 费用 ¥2.7074 | 807s
进度 7470/17922 | 输入 1079645 tok | 输出 817871 tok | 费用 ¥2.7154 | 810s
进度 7480/17922 | 输入 1080832 tok | 输出 818706 tok | 费用 ¥2.7182 | 811s
进度 7490/17922 | 输入 1083895 tok | 输出 821255 tok | 费用 ¥2.7264 | 812s
进度 7500/17922 | 输入 1085717 tok | 输出 822735 tok | 费用 ¥2.7312 | 812s
进度 7510/17922 | 输入 1087408 tok | 输出 824044 tok | 费用 ¥2.7355 | 812s
进度 7520/17922 | 输入 1089126 tok | 输出 825361 tok | 费用 ¥2.7398 | 815s
进度 7530/17922 | 输入 1090411 tok | 输出 826260 tok | 费用 ¥2.7429 | 815s
进度 7540/17922 | 输入 1091669 tok | 输出 827158 tok | 费用 ¥2.7460 | 816s
进度 7550/17922 | 输入 1093624 tok | 输出 828638 tok | 费用 ¥2.7509 | 820s
进度 7560/17922 | 输入 1095698 tok | 输出 830165 tok | 费用 ¥2.7560 | 821s
进度 7570/17922 | 输入 1097882 tok | 输出 831761 tok | 费用 ¥2.7614 | 822s
进度 7580/17922 | 输入 1100837 tok | 输出 834226 tok | 费用 ¥2.7693 | 829s
进度 7590/17922 | 输入 1103985 tok | 输出 836921 tok | 费用 ¥2.7778 | 830s
进度 7600/17922 | 输入 1106495 tok | 输出 838968 tok | 费用 ¥2.7844 | 831s
进度 7610/17922 | 输入 1110376 tok | 输出 842295 tok | 费用 ¥2.7950 | 832s
进度 7620/17922 | 输入 1113402 tok | 输出 844876 tok | 费用 ¥2.8032 | 834s
进度 7630/17922 | 输入 1114673 tok | 输出 845802 tok | 费用 ¥2.8063 | 836s
进度 7640/17922 | 输入 1118227 tok | 输出 848783 tok | 费用 ¥2.8158 | 837s
进度 7650/17922 | 输入 1120066 tok | 输出 850120 tok | 费用 ¥2.8203 | 840s
进度 7660/17922 | 输入 1121180 tok | 输出 850884 tok | 费用 ¥2.8229 | 841s
进度 7670/17922 | 输入 1122866 tok | 输出 852195 tok | 费用 ¥2.8273 | 841s
进度 7680/17922 | 输入 1124081 tok | 输出 853111 tok | 费用 ¥2.8303 | 843s
进度 7690/17922 | 输入 1127335 tok | 输出 855881 tok | 费用 ¥2.8391 | 844s
进度 7700/17922 | 输入 1128788 tok | 输出 856993 tok | 费用 ¥2.8428 | 846s
进度 7710/17922 | 输入 1130233 tok | 输出 858095 tok | 费用 ¥2.8464 | 847s
进度 7720/17922 | 输入 1134410 tok | 输出 861767 tok | 费用 ¥2.8579 | 848s
进度 7730/17922 | 输入 1135330 tok | 输出 862372 tok | 费用 ¥2.8601 | 848s
进度 7740/17922 | 输入 1136490 tok | 输出 863204 tok | 费用 ¥2.8629 | 851s
进度 7750/17922 | 输入 1137606 tok | 输出 863988 tok | 费用 ¥2.8656 | 852s
进度 7760/17922 | 输入 1139771 tok | 输出 865764 tok | 费用 ¥2.8713 | 853s
进度 7770/17922 | 输入 1140848 tok | 输出 866514 tok | 费用 ¥2.8739 | 853s
进度 7780/17922 | 输入 1143880 tok | 输出 869053 tok | 费用 ¥2.8820 | 854s
进度 7790/17922 | 输入 1145584 tok | 输出 870342 tok | 费用 ¥2.8863 | 856s
进度 7800/17922 | 输入 1146700 tok | 输出 871130 tok | 费用 ¥2.8890 | 857s
进度 7810/17922 | 输入 1148281 tok | 输出 872347 tok | 费用 ¥2.8930 | 858s
进度 7820/17922 | 输入 1148992 tok | 输出 872743 tok | 费用 ¥2.8945 | 860s
进度 7830/17922 | 输入 1150912 tok | 输出 874183 tok | 费用 ¥2.8993 | 860s
进度 7840/17922 | 输入 1151669 tok | 输出 874627 tok | 费用 ¥2.9009 | 861s
进度 7850/17922 | 输入 1153403 tok | 输出 875959 tok | 费用 ¥2.9053 | 862s
进度 7860/17922 | 输入 1154263 tok | 输出 876493 tok | 费用 ¥2.9072 | 863s
进度 7870/17922 | 输入 1156610 tok | 输出 878330 tok | 费用 ¥2.9133 | 864s
进度 7880/17922 | 输入 1157773 tok | 输出 879128 tok | 费用 ¥2.9160 | 865s
进度 7890/17922 | 输入 1158810 tok | 输出 879806 tok | 费用 ¥2.9184 | 866s
进度 7900/17922 | 输入 1159638 tok | 输出 880321 tok | 费用 ¥2.9203 | 867s
进度 7910/17922 | 输入 1162179 tok | 输出 882512 tok | 费用 ¥2.9272 | 867s
进度 7920/17922 | 输入 1163471 tok | 输出 883442 tok | 费用 ¥2.9304 | 867s
进度 7930/17922 | 输入 1165137 tok | 输出 884717 tok | 费用 ¥2.9346 | 871s
进度 7940/17922 | 输入 1166626 tok | 输出 885848 tok | 费用 ¥2.9383 | 872s
进度 7950/17922 | 输入 1168125 tok | 输出 887150 tok | 费用 ¥2.9424 | 874s
进度 7960/17922 | 输入 1170150 tok | 输出 888709 tok | 费用 ¥2.9476 | 875s
进度 7970/17922 | 输入 1171826 tok | 输出 890055 tok | 费用 ¥2.9519 | 875s
进度 7980/17922 | 输入 1173778 tok | 输出 891521 tok | 费用 ¥2.9568 | 875s
进度 7990/17922 | 输入 1175598 tok | 输出 892940 tok | 费用 ¥2.9615 | 879s
进度 8000/17922 | 输入 1176877 tok | 输出 893840 tok | 费用 ¥2.9646 | 880s
进度 8010/17922 | 输入 1178216 tok | 输出 894884 tok | 费用 ¥2.9680 | 880s
进度 8020/17922 | 输入 1180219 tok | 输出 896493 tok | 费用 ¥2.9732 | 880s
进度 8030/17922 | 输入 1181821 tok | 输出 897708 tok | 费用 ¥2.9772 | 883s
进度 8040/17922 | 输入 1182507 tok | 输出 898105 tok | 费用 ¥2.9787 | 883s
进度 8050/17922 | 输入 1183360 tok | 输出 898649 tok | 费用 ¥2.9807 | 886s
进度 8060/17922 | 输入 1184904 tok | 输出 899805 tok | 费用 ¥2.9845 | 887s
进度 8070/17922 | 输入 1187809 tok | 输出 902186 tok | 费用 ¥2.9922 | 888s
进度 8080/17922 | 输入 1189826 tok | 输出 903765 tok | 费用 ¥2.9974 | 888s
进度 8090/17922 | 输入 1192181 tok | 输出 905637 tok | 费用 ¥3.0035 | 889s
进度 8100/17922 | 输入 1193983 tok | 输出 907088 tok | 费用 ¥3.0082 | 891s
进度 8110/17922 | 输入 1194853 tok | 输出 907696 tok | 费用 ¥3.0102 | 892s
进度 8120/17922 | 输入 1195757 tok | 输出 908324 tok | 费用 ¥3.0124 | 892s
进度 8130/17922 | 输入 1196926 tok | 输出 909175 tok | 费用 ¥3.0153 | 892s
进度 8140/17922 | 输入 1198225 tok | 输出 910134 tok | 费用 ¥3.0185 | 894s
进度 8150/17922 | 输入 1200142 tok | 输出 911632 tok | 费用 ¥3.0234 | 895s
进度 8160/17922 | 输入 1201006 tok | 输出 912162 tok | 费用 ¥3.0253 | 895s
进度 8170/17922 | 输入 1201997 tok | 输出 912854 tok | 费用 ¥3.0277 | 896s
进度 8180/17922 | 输入 1203140 tok | 输出 913654 tok | 费用 ¥3.0304 | 897s
进度 8190/17922 | 输入 1203816 tok | 输出 914064 tok | 费用 ¥3.0319 | 897s
进度 8200/17922 | 输入 1204500 tok | 输出 914461 tok | 费用 ¥3.0334 | 897s
进度 8210/17922 | 输入 1205250 tok | 输出 914952 tok | 费用 ¥3.0352 | 898s
进度 8220/17922 | 输入 1207022 tok | 输出 916385 tok | 费用 ¥3.0398 | 899s
进度 8230/17922 | 输入 1207869 tok | 输出 916929 tok | 费用 ¥3.0417 | 900s
进度 8240/17922 | 输入 1208730 tok | 输出 917451 tok | 费用 ¥3.0436 | 900s
进度 8250/17922 | 输入 1210166 tok | 输出 918545 tok | 费用 ¥3.0473 | 905s
进度 8260/17922 | 输入 1212293 tok | 输出 920375 tok | 费用 ¥3.0530 | 906s
进度 8270/17922 | 输入 1214761 tok | 输出 922487 tok | 费用 ¥3.0597 | 908s
进度 8280/17922 | 输入 1215920 tok | 输出 923312 tok | 费用 ¥3.0625 | 910s
进度 8290/17922 | 输入 1218843 tok | 输出 925795 tok | 费用 ¥3.0704 | 913s
进度 8300/17922 | 输入 1220572 tok | 输出 927164 tok | 费用 ¥3.0749 | 914s
进度 8310/17922 | 输入 1221947 tok | 输出 928188 tok | 费用 ¥3.0783 | 916s
进度 8320/17922 | 输入 1223093 tok | 输出 928991 tok | 费用 ¥3.0811 | 919s
进度 8330/17922 | 输入 1224648 tok | 输出 930147 tok | 费用 ¥3.0849 | 919s
进度 8340/17922 | 输入 1228747 tok | 输出 933711 tok | 费用 ¥3.0962 | 919s
进度 8350/17922 | 输入 1232181 tok | 输出 936641 tok | 费用 ¥3.1055 | 923s
进度 8360/17922 | 输入 1237234 tok | 输出 941089 tok | 费用 ¥3.1194 | 926s
进度 8370/17922 | 输入 1238224 tok | 输出 941740 tok | 费用 ¥3.1217 | 927s
进度 8380/17922 | 输入 1240273 tok | 输出 943334 tok | 费用 ¥3.1269 | 927s
进度 8390/17922 | 输入 1242717 tok | 输出 945332 tok | 费用 ¥3.1334 | 928s
进度 8400/17922 | 输入 1244092 tok | 输出 946370 tok | 费用 ¥3.1368 | 931s
进度 8410/17922 | 输入 1247350 tok | 输出 949170 tok | 费用 ¥3.1457 | 933s
进度 8420/17922 | 输入 1250373 tok | 输出 951703 tok | 费用 ¥3.1538 | 933s
进度 8430/17922 | 输入 1252850 tok | 输出 953740 tok | 费用 ¥3.1603 | 937s
进度 8440/17922 | 输入 1254322 tok | 输出 954873 tok | 费用 ¥3.1641 | 938s
进度 8450/17922 | 输入 1255747 tok | 输出 955923 tok | 费用 ¥3.1676 | 938s
进度 8460/17922 | 输入 1257959 tok | 输出 957749 tok | 费用 ¥3.1735 | 938s
进度 8470/17922 | 输入 1259382 tok | 输出 958804 tok | 费用 ¥3.1770 | 938s
进度 8480/17922 | 输入 1262071 tok | 输出 961101 tok | 费用 ¥3.1843 | 939s
进度 8490/17922 | 输入 1263082 tok | 输出 961785 tok | 费用 ¥3.1867 | 942s
进度 8500/17922 | 输入 1264046 tok | 输出 962443 tok | 费用 ¥3.1889 | 942s
进度 8510/17922 | 输入 1265394 tok | 输出 963434 tok | 费用 ¥3.1923 | 943s
进度 8520/17922 | 输入 1266557 tok | 输出 964234 tok | 费用 ¥3.1950 | 944s
进度 8530/17922 | 输入 1267888 tok | 输出 965147 tok | 费用 ¥3.1982 | 944s
进度 8540/17922 | 输入 1269486 tok | 输出 966416 tok | 费用 ¥3.2023 | 946s
进度 8550/17922 | 输入 1272032 tok | 输出 968399 tok | 费用 ¥3.2088 | 954s
进度 8560/17922 | 输入 1274301 tok | 输出 970154 tok | 费用 ¥3.2146 | 955s
进度 8570/17922 | 输入 1277150 tok | 输出 972461 tok | 费用 ¥3.2221 | 956s
进度 8580/17922 | 输入 1280387 tok | 输出 975052 tok | 费用 ¥3.2305 | 957s
进度 8590/17922 | 输入 1282926 tok | 输出 977038 tok | 费用 ¥3.2370 | 958s
进度 8600/17922 | 输入 1286477 tok | 输出 979968 tok | 费用 ¥3.2464 | 958s
进度 8610/17922 | 输入 1288609 tok | 输出 981606 tok | 费用 ¥3.2518 | 964s
进度 8620/17922 | 输入 1290573 tok | 输出 983108 tok | 费用 ¥3.2568 | 965s
进度 8630/17922 | 输入 1292446 tok | 输出 984520 tok | 费用 ¥3.2615 | 966s
进度 8640/17922 | 输入 1295014 tok | 输出 986527 tok | 费用 ¥3.2681 | 966s
进度 8650/17922 | 输入 1297100 tok | 输出 988079 tok | 费用 ¥3.2733 | 967s
进度 8660/17922 | 输入 1299468 tok | 输出 989968 tok | 费用 ¥3.2794 | 968s
进度 8670/17922 | 输入 1300238 tok | 输出 990402 tok | 费用 ¥3.2810 | 969s
进度 8680/17922 | 输入 1301434 tok | 输出 991240 tok | 费用 ¥3.2839 | 970s
进度 8690/17922 | 输入 1302355 tok | 输出 991836 tok | 费用 ¥3.2860 | 971s
进度 8700/17922 | 输入 1303516 tok | 输出 992600 tok | 费用 ¥3.2887 | 972s
进度 8710/17922 | 输入 1304886 tok | 输出 993596 tok | 费用 ¥3.2921 | 974s
进度 8720/17922 | 输入 1307096 tok | 输出 995356 tok | 费用 ¥3.2978 | 975s
进度 8730/17922 | 输入 1308377 tok | 输出 996258 tok | 费用 ¥3.3009 | 976s
进度 8740/17922 | 输入 1309508 tok | 输出 997046 tok | 费用 ¥3.3036 | 977s
进度 8750/17922 | 输入 1311708 tok | 输出 998784 tok | 费用 ¥3.3093 | 977s
进度 8760/17922 | 输入 1313301 tok | 输出 999962 tok | 费用 ¥3.3132 | 977s
进度 8770/17922 | 输入 1313918 tok | 输出 1000293 tok | 费用 ¥3.3145 | 979s
进度 8780/17922 | 输入 1315280 tok | 输出 1001256 tok | 费用 ¥3.3178 | 982s
进度 8790/17922 | 输入 1316752 tok | 输出 1002358 tok | 费用 ¥3.3215 | 984s
进度 8800/17922 | 输入 1319086 tok | 输出 1004246 tok | 费用 ¥3.3276 | 986s
进度 8810/17922 | 输入 1321379 tok | 输出 1006059 tok | 费用 ¥3.3335 | 987s
进度 8820/17922 | 输入 1324184 tok | 输出 1008351 tok | 费用 ¥3.3409 | 987s
进度 8830/17922 | 输入 1326207 tok | 输出 1009896 tok | 费用 ¥3.3460 | 988s
进度 8840/17922 | 输入 1326936 tok | 输出 1010345 tok | 费用 ¥3.3476 | 989s
进度 8850/17922 | 输入 1327511 tok | 输出 1010642 tok | 费用 ¥3.3488 | 990s
进度 8860/17922 | 输入 1328651 tok | 输出 1011398 tok | 费用 ¥3.3514 | 991s
进度 8870/17922 | 输入 1330038 tok | 输出 1012395 tok | 费用 ¥3.3548 | 992s
进度 8880/17922 | 输入 1330672 tok | 输出 1012747 tok | 费用 ¥3.3562 | 992s
进度 8890/17922 | 输入 1332790 tok | 输出 1014357 tok | 费用 ¥3.3615 | 993s
进度 8900/17922 | 输入 1335504 tok | 输出 1016577 tok | 费用 ¥3.3687 | 993s
进度 8910/17922 | 输入 1337201 tok | 输出 1017863 tok | 费用 ¥3.3729 | 999s
进度 8920/17922 | 输入 1339617 tok | 输出 1019720 tok | 费用 ¥3.3791 | 1001s
进度 8930/17922 | 输入 1342066 tok | 输出 1021658 tok | 费用 ¥3.3854 | 1002s
进度 8940/17922 | 输入 1344481 tok | 输出 1023606 tok | 费用 ¥3.3917 | 1003s
进度 8950/17922 | 输入 1346530 tok | 输出 1025252 tok | 费用 ¥3.3970 | 1004s
进度 8960/17922 | 输入 1348178 tok | 输出 1026439 tok | 费用 ¥3.4011 | 1006s
进度 8970/17922 | 输入 1349725 tok | 输出 1027572 tok | 费用 ¥3.4049 | 1008s
进度 8980/17922 | 输入 1351764 tok | 输出 1029091 tok | 费用 ¥3.4099 | 1013s
进度 8990/17922 | 输入 1353387 tok | 输出 1030302 tok | 费用 ¥3.4140 | 1013s
进度 9000/17922 | 输入 1355935 tok | 输出 1032426 tok | 费用 ¥3.4208 | 1013s
进度 9010/17922 | 输入 1358252 tok | 输出 1034264 tok | 费用 ¥3.4268 | 1013s
进度 9020/17922 | 输入 1362892 tok | 输出 1038335 tok | 费用 ¥3.4396 | 1016s
进度 9030/17922 | 输入 1364907 tok | 输出 1039845 tok | 费用 ¥3.4446 | 1017s
进度 9040/17922 | 输入 1366301 tok | 输出 1040840 tok | 费用 ¥3.4480 | 1019s
进度 9050/17922 | 输入 1367742 tok | 输出 1041940 tok | 费用 ¥3.4516 | 1024s
进度 9060/17922 | 输入 1370518 tok | 输出 1044173 tok | 费用 ¥3.4589 | 1026s
进度 9070/17922 | 输入 1373075 tok | 输出 1046145 tok | 费用 ¥3.4654 | 1027s
进度 9080/17922 | 输入 1375085 tok | 输出 1047860 tok | 费用 ¥3.4708 | 1027s
进度 9090/17922 | 输入 1378458 tok | 输出 1050682 tok | 费用 ¥3.4798 | 1029s
进度 9100/17922 | 输入 1381989 tok | 输出 1053582 tok | 费用 ¥3.4892 | 1030s
进度 9110/17922 | 输入 1383531 tok | 输出 1054770 tok | 费用 ¥3.4931 | 1031s
进度 9120/17922 | 输入 1385673 tok | 输出 1056510 tok | 费用 ¥3.4987 | 1037s
进度 9130/17922 | 输入 1387961 tok | 输出 1058481 tok | 费用 ¥3.5049 | 1037s
进度 9140/17922 | 输入 1390024 tok | 输出 1060116 tok | 费用 ¥3.5103 | 1038s
进度 9150/17922 | 输入 1391803 tok | 输出 1061536 tok | 费用 ¥3.5149 | 1039s
进度 9160/17922 | 输入 1394784 tok | 输出 1063996 tok | 费用 ¥3.5228 | 1039s
进度 9170/17922 | 输入 1397005 tok | 输出 1065803 tok | 费用 ¥3.5286 | 1039s
进度 9180/17922 | 输入 1397681 tok | 输出 1066161 tok | 费用 ¥3.5300 | 1040s
进度 9190/17922 | 输入 1398410 tok | 输出 1066574 tok | 费用 ¥3.5316 | 1040s
进度 9200/17922 | 输入 1399191 tok | 输出 1067018 tok | 费用 ¥3.5332 | 1042s
进度 9210/17922 | 输入 1400594 tok | 输出 1068107 tok | 费用 ¥3.5368 | 1046s
进度 9220/17922 | 输入 1401869 tok | 输出 1069008 tok | 费用 ¥3.5399 | 1046s
进度 9230/17922 | 输入 1402946 tok | 输出 1069722 tok | 费用 ¥3.5424 | 1046s
进度 9240/17922 | 输入 1404617 tok | 输出 1071032 tok | 费用 ¥3.5467 | 1046s
进度 9250/17922 | 输入 1406163 tok | 输出 1072235 tok | 费用 ¥3.5506 | 1046s
进度 9260/17922 | 输入 1406791 tok | 输出 1072593 tok | 费用 ¥3.5520 | 1048s
进度 9270/17922 | 输入 1407782 tok | 输出 1073291 tok | 费用 ¥3.5544 | 1050s
进度 9280/17922 | 输入 1408610 tok | 输出 1073836 tok | 费用 ¥3.5563 | 1050s
进度 9290/17922 | 输入 1409609 tok | 输出 1074517 tok | 费用 ¥3.5586 | 1050s
进度 9300/17922 | 输入 1410403 tok | 输出 1074979 tok | 费用 ¥3.5604 | 1051s
进度 9310/17922 | 输入 1413412 tok | 输出 1077460 tok | 费用 ¥3.5683 | 1052s
进度 9320/17922 | 输入 1414459 tok | 输出 1078160 tok | 费用 ¥3.5708 | 1054s
进度 9330/17922 | 输入 1416443 tok | 输出 1079751 tok | 费用 ¥3.5759 | 1055s
进度 9340/17922 | 输入 1417692 tok | 输出 1080628 tok | 费用 ¥3.5789 | 1055s
进度 9350/17922 | 输入 1419067 tok | 输出 1081594 tok | 费用 ¥3.5823 | 1057s
进度 9360/17922 | 输入 1420598 tok | 输出 1082714 tok | 费用 ¥3.5860 | 1058s
进度 9370/17922 | 输入 1422337 tok | 输出 1084065 tok | 费用 ¥3.5905 | 1058s
进度 9380/17922 | 输入 1423381 tok | 输出 1084788 tok | 费用 ¥3.5930 | 1059s
进度 9390/17922 | 输入 1424619 tok | 输出 1085680 tok | 费用 ¥3.5960 | 1061s
进度 9400/17922 | 输入 1426586 tok | 输出 1087281 tok | 费用 ¥3.6011 | 1064s
进度 9410/17922 | 输入 1428979 tok | 输出 1089335 tok | 费用 ¥3.6076 | 1069s
进度 9420/17922 | 输入 1431259 tok | 输出 1091237 tok | 费用 ¥3.6137 | 1069s
进度 9430/17922 | 输入 1434182 tok | 输出 1093736 tok | 费用 ¥3.6217 | 1070s
进度 9440/17922 | 输入 1437291 tok | 输出 1096445 tok | 费用 ¥3.6302 | 1071s
进度 9450/17922 | 输入 1439874 tok | 输出 1098644 tok | 费用 ¥3.6372 | 1072s
进度 9460/17922 | 输入 1440819 tok | 输出 1099264 tok | 费用 ¥3.6393 | 1074s
进度 9470/17922 | 输入 1443398 tok | 输出 1101424 tok | 费用 ¥3.6462 | 1074s
进度 9480/17922 | 输入 1444226 tok | 输出 1101920 tok | 费用 ¥3.6481 | 1075s
进度 9490/17922 | 输入 1445500 tok | 输出 1102823 tok | 费用 ¥3.6511 | 1077s
进度 9500/17922 | 输入 1447735 tok | 输出 1104676 tok | 费用 ¥3.6571 | 1079s
进度 9510/17922 | 输入 1448882 tok | 输出 1105482 tok | 费用 ¥3.6598 | 1079s
进度 9520/17922 | 输入 1450103 tok | 输出 1106380 tok | 费用 ¥3.6629 | 1082s
进度 9530/17922 | 输入 1452021 tok | 输出 1107856 tok | 费用 ¥3.6677 | 1082s
进度 9540/17922 | 输入 1455523 tok | 输出 1110975 tok | 费用 ¥3.6775 | 1083s
进度 9550/17922 | 输入 1456468 tok | 输出 1111600 tok | 费用 ¥3.6797 | 1083s
进度 9560/17922 | 输入 1458005 tok | 输出 1112790 tok | 费用 ¥3.6836 | 1085s
进度 9570/17922 | 输入 1460587 tok | 输出 1114894 tok | 费用 ¥3.6904 | 1086s
进度 9580/17922 | 输入 1461609 tok | 输出 1115576 tok | 费用 ¥3.6928 | 1088s
进度 9590/17922 | 输入 1462803 tok | 输出 1116421 tok | 费用 ¥3.6956 | 1088s
进度 9600/17922 | 输入 1464570 tok | 输出 1117766 tok | 费用 ¥3.7001 | 1089s
进度 9610/17922 | 输入 1466471 tok | 输出 1119215 tok | 费用 ¥3.7049 | 1091s
进度 9620/17922 | 输入 1467796 tok | 输出 1120140 tok | 费用 ¥3.7081 | 1092s
进度 9630/17922 | 输入 1468986 tok | 输出 1120939 tok | 费用 ¥3.7109 | 1094s
进度 9640/17922 | 输入 1471243 tok | 输出 1122703 tok | 费用 ¥3.7166 | 1095s
进度 9650/17922 | 输入 1472956 tok | 输出 1123936 tok | 费用 ¥3.7208 | 1096s
进度 9660/17922 | 输入 1474799 tok | 输出 1125343 tok | 费用 ¥3.7255 | 1096s
进度 9670/17922 | 输入 1476930 tok | 输出 1126986 tok | 费用 ¥3.7309 | 1100s
进度 9680/17922 | 输入 1478632 tok | 输出 1128237 tok | 费用 ¥3.7351 | 1102s
进度 9690/17922 | 输入 1480052 tok | 输出 1129266 tok | 费用 ¥3.7386 | 1102s
进度 9700/17922 | 输入 1482487 tok | 输出 1131169 tok | 费用 ¥3.7448 | 1103s
进度 9710/17922 | 输入 1484437 tok | 输出 1132771 tok | 费用 ¥3.7500 | 1104s
进度 9720/17922 | 输入 1486957 tok | 输出 1134767 tok | 费用 ¥3.7565 | 1105s
进度 9730/17922 | 输入 1487865 tok | 输出 1135335 tok | 费用 ¥3.7585 | 1106s
进度 9740/17922 | 输入 1488750 tok | 输出 1135903 tok | 费用 ¥3.7606 | 1109s
进度 9750/17922 | 输入 1490848 tok | 输出 1137520 tok | 费用 ¥3.7659 | 1109s
进度 9760/17922 | 输入 1492530 tok | 输出 1138778 tok | 费用 ¥3.7701 | 1110s
进度 9770/17922 | 输入 1494894 tok | 输出 1140637 tok | 费用 ¥3.7762 | 1112s
进度 9780/17922 | 输入 1496009 tok | 输出 1141369 tok | 费用 ¥3.7787 | 1114s
进度 9790/17922 | 输入 1497159 tok | 输出 1142139 tok | 费用 ¥3.7814 | 1114s
进度 9800/17922 | 输入 1498271 tok | 输出 1142915 tok | 费用 ¥3.7841 | 1115s
进度 9810/17922 | 输入 1500682 tok | 输出 1144836 tok | 费用 ¥3.7904 | 1115s
进度 9820/17922 | 输入 1501857 tok | 输出 1145623 tok | 费用 ¥3.7931 | 1118s
进度 9830/17922 | 输入 1503024 tok | 输出 1146444 tok | 费用 ¥3.7959 | 1119s
进度 9840/17922 | 输入 1506023 tok | 输出 1148944 tok | 费用 ¥3.8039 | 1119s
进度 9850/17922 | 输入 1507596 tok | 输出 1150111 tok | 费用 ¥3.8078 | 1119s
进度 9860/17922 | 输入 1509061 tok | 输出 1151172 tok | 费用 ¥3.8114 | 1122s
进度 9870/17922 | 输入 1510423 tok | 输出 1152180 tok | 费用 ¥3.8148 | 1125s
进度 9880/17922 | 输入 1512147 tok | 输出 1153465 tok | 费用 ¥3.8191 | 1126s
进度 9890/17922 | 输入 1514848 tok | 输出 1155609 tok | 费用 ¥3.8261 | 1127s
进度 9900/17922 | 输入 1516348 tok | 输出 1156698 tok | 费用 ¥3.8297 | 1128s
进度 9910/17922 | 输入 1518513 tok | 输出 1158394 tok | 费用 ¥3.8353 | 1129s
进度 9920/17922 | 输入 1519476 tok | 输出 1159044 tok | 费用 ¥3.8376 | 1129s
进度 9930/17922 | 输入 1520380 tok | 输出 1159593 tok | 费用 ¥3.8396 | 1130s
进度 9940/17922 | 输入 1523382 tok | 输出 1162020 tok | 费用 ¥3.8474 | 1132s
进度 9950/17922 | 输入 1525248 tok | 输出 1163526 tok | 费用 ¥3.8523 | 1137s
进度 9960/17922 | 输入 1526712 tok | 输出 1164671 tok | 费用 ¥3.8561 | 1139s
进度 9970/17922 | 输入 1528654 tok | 输出 1166240 tok | 费用 ¥3.8611 | 1139s
进度 9980/17922 | 输入 1530815 tok | 输出 1167995 tok | 费用 ¥3.8668 | 1139s
进度 9990/17922 | 输入 1533531 tok | 输出 1170225 tok | 费用 ¥3.8740 | 1140s
进度 10000/17922 | 输入 1536381 tok | 输出 1172597 tok | 费用 ¥3.8816 | 1142s
进度 10010/17922 | 输入 1538094 tok | 输出 1173991 tok | 费用 ¥3.8861 | 1144s
进度 10020/17922 | 输入 1539416 tok | 输出 1174989 tok | 费用 ¥3.8894 | 1145s
进度 10030/17922 | 输入 1540880 tok | 输出 1176134 tok | 费用 ¥3.8931 | 1145s
进度 10040/17922 | 输入 1542593 tok | 输出 1177484 tok | 费用 ¥3.8976 | 1146s
进度 10050/17922 | 输入 1544366 tok | 输出 1178905 tok | 费用 ¥3.9022 | 1150s
进度 10060/17922 | 输入 1545740 tok | 输出 1179955 tok | 费用 ¥3.9057 | 1152s
进度 10070/17922 | 输入 1547175 tok | 输出 1181067 tok | 费用 ¥3.9093 | 1152s
进度 10080/17922 | 输入 1549713 tok | 输出 1183246 tok | 费用 ¥3.9162 | 1152s
进度 10090/17922 | 输入 1551113 tok | 输出 1184337 tok | 费用 ¥3.9198 | 1153s
进度 10100/17922 | 输入 1553651 tok | 输出 1186521 tok | 费用 ¥3.9267 | 1156s
进度 10110/17922 | 输入 1555333 tok | 输出 1187843 tok | 费用 ¥3.9310 | 1158s
进度 10120/17922 | 输入 1556888 tok | 输出 1188993 tok | 费用 ¥3.9349 | 1159s
进度 10130/17922 | 输入 1558626 tok | 输出 1190292 tok | 费用 ¥3.9392 | 1160s
进度 10140/17922 | 输入 1560523 tok | 输出 1191833 tok | 费用 ¥3.9442 | 1161s
进度 10150/17922 | 输入 1562279 tok | 输出 1193241 tok | 费用 ¥3.9488 | 1161s
进度 10160/17922 | 输入 1562903 tok | 输出 1193561 tok | 费用 ¥3.9500 | 1162s
进度 10170/17922 | 输入 1563787 tok | 输出 1194153 tok | 费用 ¥3.9521 | 1162s
进度 10180/17922 | 输入 1565573 tok | 输出 1195569 tok | 费用 ¥3.9567 | 1164s
进度 10190/17922 | 输入 1566450 tok | 输出 1196154 tok | 费用 ¥3.9588 | 1165s
进度 10200/17922 | 输入 1567572 tok | 输出 1196946 tok | 费用 ¥3.9615 | 1166s
进度 10210/17922 | 输入 1569012 tok | 输出 1198047 tok | 费用 ¥3.9651 | 1168s
进度 10220/17922 | 输入 1570542 tok | 输出 1199271 tok | 费用 ¥3.9691 | 1168s
进度 10230/17922 | 输入 1571842 tok | 输出 1200249 tok | 费用 ¥3.9723 | 1168s
进度 10240/17922 | 输入 1572681 tok | 输出 1200789 tok | 费用 ¥3.9743 | 1169s
进度 10250/17922 | 输入 1574179 tok | 输出 1201926 tok | 费用 ¥3.9780 | 1172s
进度 10260/17922 | 输入 1576020 tok | 输出 1203391 tok | 费用 ¥3.9828 | 1172s
进度 10270/17922 | 输入 1577199 tok | 输出 1204239 tok | 费用 ¥3.9857 | 1173s
进度 10280/17922 | 输入 1578405 tok | 输出 1205104 tok | 费用 ¥3.9886 | 1173s
进度 10290/17922 | 输入 1579610 tok | 输出 1205955 tok | 费用 ¥3.9915 | 1173s
进度 10300/17922 | 输入 1580794 tok | 输出 1206801 tok | 费用 ¥3.9944 | 1174s
进度 10310/17922 | 输入 1581990 tok | 输出 1207686 tok | 费用 ¥3.9974 | 1177s
进度 10320/17922 | 输入 1583430 tok | 输出 1208793 tok | 费用 ¥4.0010 | 1179s
进度 10330/17922 | 输入 1585440 tok | 输出 1210421 tok | 费用 ¥4.0063 | 1183s
进度 10340/17922 | 输入 1587657 tok | 输出 1212259 tok | 费用 ¥4.0122 | 1184s
进度 10350/17922 | 输入 1590306 tok | 输出 1214395 tok | 费用 ¥4.0191 | 1185s
进度 10360/17922 | 输入 1592596 tok | 输出 1216326 tok | 费用 ¥4.0252 | 1185s
进度 10370/17922 | 输入 1593781 tok | 输出 1217215 tok | 费用 ¥4.0282 | 1191s
进度 10380/17922 | 输入 1596777 tok | 输出 1219750 tok | 费用 ¥4.0363 | 1191s
进度 10390/17922 | 输入 1599516 tok | 输出 1222031 tok | 费用 ¥4.0436 | 1192s
进度 10400/17922 | 输入 1600531 tok | 输出 1222729 tok | 费用 ¥4.0460 | 1196s
进度 10410/17922 | 输入 1601744 tok | 输出 1223679 tok | 费用 ¥4.0491 | 1196s
进度 10420/17922 | 输入 1604462 tok | 输出 1225967 tok | 费用 ¥4.0564 | 1196s
进度 10430/17922 | 输入 1606871 tok | 输出 1227971 tok | 费用 ¥4.0628 | 1197s
进度 10440/17922 | 输入 1610205 tok | 输出 1230845 tok | 费用 ¥4.0719 | 1197s
进度 10450/17922 | 输入 1611546 tok | 输出 1231829 tok | 费用 ¥4.0752 | 1198s
进度 10460/17922 | 输入 1612913 tok | 输出 1232850 tok | 费用 ¥4.0786 | 1202s
进度 10470/17922 | 输入 1614249 tok | 输出 1233804 tok | 费用 ¥4.0819 | 1202s
进度 10480/17922 | 输入 1615588 tok | 输出 1234799 tok | 费用 ¥4.0852 | 1204s
进度 10490/17922 | 输入 1617285 tok | 输出 1236094 tok | 费用 ¥4.0895 | 1204s
进度 10500/17922 | 输入 1619156 tok | 输出 1237611 tok | 费用 ¥4.0944 | 1204s
进度 10510/17922 | 输入 1621105 tok | 输出 1239251 tok | 费用 ¥4.0996 | 1210s
进度 10520/17922 | 输入 1623978 tok | 输出 1241711 tok | 费用 ¥4.1074 | 1210s
进度 10530/17922 | 输入 1625791 tok | 输出 1243165 tok | 费用 ¥4.1121 | 1213s
进度 10540/17922 | 输入 1627939 tok | 输出 1244939 tok | 费用 ¥4.1178 | 1214s
进度 10550/17922 | 输入 1628887 tok | 输出 1245544 tok | 费用 ¥4.1200 | 1214s
进度 10560/17922 | 输入 1631367 tok | 输出 1247671 tok | 费用 ¥4.1267 | 1215s
进度 10570/17922 | 输入 1634263 tok | 输出 1250273 tok | 费用 ¥4.1348 | 1216s
进度 10580/17922 | 输入 1635532 tok | 输出 1251215 tok | 费用 ¥4.1380 | 1216s
进度 10590/17922 | 输入 1636619 tok | 输出 1251950 tok | 费用 ¥4.1405 | 1218s
进度 10600/17922 | 输入 1637468 tok | 输出 1252500 tok | 费用 ¥4.1425 | 1218s
进度 10610/17922 | 输入 1638378 tok | 输出 1253108 tok | 费用 ¥4.1446 | 1218s
进度 10620/17922 | 输入 1639208 tok | 输出 1253620 tok | 费用 ¥4.1464 | 1219s
进度 10630/17922 | 输入 1640317 tok | 输出 1254400 tok | 费用 ¥4.1491 | 1222s
进度 10640/17922 | 输入 1641876 tok | 输出 1255594 tok | 费用 ¥4.1531 | 1223s
进度 10650/17922 | 输入 1643451 tok | 输出 1256837 tok | 费用 ¥4.1571 | 1225s
进度 10660/17922 | 输入 1644801 tok | 输出 1257858 tok | 费用 ¥4.1605 | 1225s
进度 10670/17922 | 输入 1646432 tok | 输出 1259164 tok | 费用 ¥4.1648 | 1227s
进度 10680/17922 | 输入 1647356 tok | 输出 1259767 tok | 费用 ¥4.1669 | 1228s
进度 10690/17922 | 输入 1648561 tok | 输出 1260609 tok | 费用 ¥4.1698 | 1228s
进度 10700/17922 | 输入 1651145 tok | 输出 1262808 tok | 费用 ¥4.1768 | 1228s
进度 10710/17922 | 输入 1652300 tok | 输出 1263647 tok | 费用 ¥4.1796 | 1229s
进度 10720/17922 | 输入 1653487 tok | 输出 1264508 tok | 费用 ¥4.1825 | 1230s
进度 10730/17922 | 输入 1654302 tok | 输出 1265019 tok | 费用 ¥4.1843 | 1231s
进度 10740/17922 | 输入 1655726 tok | 输出 1266013 tok | 费用 ¥4.1878 | 1233s
  批次失败(第1次, 深度0): Expecting ',' delimiter: line 1 column 1968 (char 1967); 1s 后重试
进度 10750/17922 | 输入 1657051 tok | 输出 1266993 tok | 费用 ¥4.1910 | 1234s
进度 10760/17922 | 输入 1658456 tok | 输出 1268033 tok | 费用 ¥4.1945 | 1236s
进度 10770/17922 | 输入 1659460 tok | 输出 1268750 tok | 费用 ¥4.1970 | 1238s
进度 10780/17922 | 输入 1660333 tok | 输出 1269324 tok | 费用 ¥4.1990 | 1239s
进度 10790/17922 | 输入 1662352 tok | 输出 1271030 tok | 费用 ¥4.2044 | 1240s
进度 10800/17922 | 输入 1663595 tok | 输出 1271879 tok | 费用 ¥4.2074 | 1240s
进度 10810/17922 | 输入 1665594 tok | 输出 1273473 tok | 费用 ¥4.2125 | 1241s
进度 10820/17922 | 输入 1667317 tok | 输出 1274838 tok | 费用 ¥4.2170 | 1241s
进度 10830/17922 | 输入 1668279 tok | 输出 1275506 tok | 费用 ¥4.2193 | 1242s
进度 10840/17922 | 输入 1669103 tok | 输出 1276028 tok | 费用 ¥4.2212 | 1243s
进度 10850/17922 | 输入 1669964 tok | 输出 1276590 tok | 费用 ¥4.2231 | 1243s
进度 10860/17922 | 输入 1670654 tok | 输出 1276991 tok | 费用 ¥4.2246 | 1243s
进度 10870/17922 | 输入 1671843 tok | 输出 1277858 tok | 费用 ¥4.2276 | 1244s
进度 10880/17922 | 输入 1672650 tok | 输出 1278379 tok | 费用 ¥4.2294 | 1245s
进度 10890/17922 | 输入 1673602 tok | 输出 1279011 tok | 费用 ¥4.2316 | 1245s
进度 10900/17922 | 输入 1674531 tok | 输出 1279647 tok | 费用 ¥4.2338 | 1247s
进度 10910/17922 | 输入 1675596 tok | 输出 1280399 tok | 费用 ¥4.2364 | 1247s
进度 10920/17922 | 输入 1676627 tok | 输出 1281122 tok | 费用 ¥4.2389 | 1248s
进度 10930/17922 | 输入 1677667 tok | 输出 1281887 tok | 费用 ¥4.2414 | 1249s
进度 10940/17922 | 输入 1678637 tok | 输出 1282570 tok | 费用 ¥4.2438 | 1249s
进度 10950/17922 | 输入 1679643 tok | 输出 1283267 tok | 费用 ¥4.2462 | 1249s
进度 10960/17922 | 输入 1680356 tok | 输出 1283669 tok | 费用 ¥4.2477 | 1250s
进度 10970/17922 | 输入 1680878 tok | 输出 1283906 tok | 费用 ¥4.2487 | 1250s
进度 10980/17922 | 输入 1681658 tok | 输出 1284370 tok | 费用 ¥4.2504 | 1251s
进度 10990/17922 | 输入 1682673 tok | 输出 1285065 tok | 费用 ¥4.2528 | 1251s
进度 11000/17922 | 输入 1683615 tok | 输出 1285702 tok | 费用 ¥4.2550 | 1253s
进度 11010/17922 | 输入 1684431 tok | 输出 1286203 tok | 费用 ¥4.2568 | 1253s
进度 11020/17922 | 输入 1685583 tok | 输出 1287036 tok | 费用 ¥4.2597 | 1254s
进度 11030/17922 | 输入 1686735 tok | 输出 1287851 tok | 费用 ¥4.2624 | 1255s
进度 11040/17922 | 输入 1687800 tok | 输出 1288585 tok | 费用 ¥4.2650 | 1255s
进度 11050/17922 | 输入 1689038 tok | 输出 1289416 tok | 费用 ¥4.2679 | 1256s
进度 11060/17922 | 输入 1689851 tok | 输出 1289930 tok | 费用 ¥4.2697 | 1258s
进度 11070/17922 | 输入 1690970 tok | 输出 1290725 tok | 费用 ¥4.2724 | 1259s
进度 11080/17922 | 输入 1692031 tok | 输出 1291468 tok | 费用 ¥4.2750 | 1259s
进度 11090/17922 | 输入 1692853 tok | 输出 1291978 tok | 费用 ¥4.2768 | 1259s
进度 11100/17922 | 输入 1694508 tok | 输出 1293236 tok | 费用 ¥4.2810 | 1260s
进度 11110/17922 | 输入 1696523 tok | 输出 1294812 tok | 费用 ¥4.2861 | 1263s
进度 11120/17922 | 输入 1697394 tok | 输出 1295378 tok | 费用 ¥4.2881 | 1263s
进度 11130/17922 | 输入 1698429 tok | 输出 1296102 tok | 费用 ¥4.2906 | 1264s
进度 11140/17922 | 输入 1699797 tok | 输出 1297134 tok | 费用 ¥4.2941 | 1265s
进度 11150/17922 | 输入 1700904 tok | 输出 1297886 tok | 费用 ¥4.2967 | 1267s
进度 11160/17922 | 输入 1702086 tok | 输出 1298736 tok | 费用 ¥4.2996 | 1268s
进度 11170/17922 | 输入 1704088 tok | 输出 1300353 tok | 费用 ¥4.3048 | 1270s
进度 11180/17922 | 输入 1706526 tok | 输出 1302380 tok | 费用 ¥4.3113 | 1271s
进度 11190/17922 | 输入 1707342 tok | 输出 1302874 tok | 费用 ¥4.3131 | 1271s
进度 11200/17922 | 输入 1708962 tok | 输出 1304060 tok | 费用 ¥4.3171 | 1273s
进度 11210/17922 | 输入 1710760 tok | 输出 1305466 tok | 费用 ¥4.3217 | 1276s
进度 11220/17922 | 输入 1712324 tok | 输出 1306658 tok | 费用 ¥4.3256 | 1277s
进度 11230/17922 | 输入 1714452 tok | 输出 1308373 tok | 费用 ¥4.3312 | 1280s
进度 11240/17922 | 输入 1716012 tok | 输出 1309540 tok | 费用 ¥4.3351 | 1280s
进度 11250/17922 | 输入 1718615 tok | 输出 1311686 tok | 费用 ¥4.3420 | 1281s
进度 11260/17922 | 输入 1719736 tok | 输出 1312472 tok | 费用 ¥4.3447 | 1282s
进度 11270/17922 | 输入 1720799 tok | 输出 1313193 tok | 费用 ¥4.3472 | 1284s
进度 11280/17922 | 输入 1721702 tok | 输出 1313784 tok | 费用 ¥4.3493 | 1285s
进度 11290/17922 | 输入 1722982 tok | 输出 1314716 tok | 费用 ¥4.3524 | 1285s
进度 11300/17922 | 输入 1723962 tok | 输出 1315370 tok | 费用 ¥4.3547 | 1286s
进度 11310/17922 | 输入 1726055 tok | 输出 1317018 tok | 费用 ¥4.3601 | 1286s
进度 11320/17922 | 输入 1726681 tok | 输出 1317334 tok | 费用 ¥4.3613 | 1288s
进度 11330/17922 | 输入 1727487 tok | 输出 1317827 tok | 费用 ¥4.3631 | 1289s
进度 11340/17922 | 输入 1728724 tok | 输出 1318685 tok | 费用 ¥4.3661 | 1290s
进度 11350/17922 | 输入 1729465 tok | 输出 1319120 tok | 费用 ¥4.3677 | 1291s
进度 11360/17922 | 输入 1730159 tok | 输出 1319513 tok | 费用 ¥4.3692 | 1291s
进度 11370/17922 | 输入 1730915 tok | 输出 1319969 tok | 费用 ¥4.3709 | 1293s
进度 11380/17922 | 输入 1731709 tok | 输出 1320445 tok | 费用 ¥4.3726 | 1294s
进度 11390/17922 | 输入 1733646 tok | 输出 1321947 tok | 费用 ¥4.3775 | 1294s
进度 11400/17922 | 输入 1740250 tok | 输出 1327682 tok | 费用 ¥4.3956 | 1295s
进度 11410/17922 | 输入 1742677 tok | 输出 1329693 tok | 费用 ¥4.4021 | 1296s
进度 11420/17922 | 输入 1743987 tok | 输出 1330624 tok | 费用 ¥4.4052 | 1296s
进度 11430/17922 | 输入 1745241 tok | 输出 1331529 tok | 费用 ¥4.4083 | 1298s
进度 11440/17922 | 输入 1746294 tok | 输出 1332268 tok | 费用 ¥4.4108 | 1299s
进度 11450/17922 | 输入 1747527 tok | 输出 1333187 tok | 费用 ¥4.4139 | 1300s
进度 11460/17922 | 输入 1748630 tok | 输出 1334037 tok | 费用 ¥4.4167 | 1301s
进度 11470/17922 | 输入 1749755 tok | 输出 1334837 tok | 费用 ¥4.4194 | 1301s
进度 11480/17922 | 输入 1751380 tok | 输出 1336108 tok | 费用 ¥4.4236 | 1302s
进度 11490/17922 | 输入 1752360 tok | 输出 1336837 tok | 费用 ¥4.4260 | 1303s
进度 11500/17922 | 输入 1753229 tok | 输出 1337400 tok | 费用 ¥4.4280 | 1303s
进度 11510/17922 | 输入 1754482 tok | 输出 1338357 tok | 费用 ¥4.4312 | 1304s
进度 11520/17922 | 输入 1755283 tok | 输出 1338872 tok | 费用 ¥4.4330 | 1305s
进度 11530/17922 | 输入 1756291 tok | 输出 1339606 tok | 费用 ¥4.4355 | 1305s
进度 11540/17922 | 输入 1757232 tok | 输出 1340258 tok | 费用 ¥4.4377 | 1306s
进度 11550/17922 | 输入 1758246 tok | 输出 1340915 tok | 费用 ¥4.4401 | 1307s
进度 11560/17922 | 输入 1758913 tok | 输出 1341286 tok | 费用 ¥4.4415 | 1307s
进度 11570/17922 | 输入 1759857 tok | 输出 1341946 tok | 费用 ¥4.4437 | 1307s
进度 11580/17922 | 输入 1760885 tok | 输出 1342663 tok | 费用 ¥4.4462 | 1308s
进度 11590/17922 | 输入 1761631 tok | 输出 1343113 tok | 费用 ¥4.4479 | 1309s
进度 11600/17922 | 输入 1762376 tok | 输出 1343575 tok | 费用 ¥4.4495 | 1310s
进度 11610/17922 | 输入 1763147 tok | 输出 1344010 tok | 费用 ¥4.4512 | 1310s
进度 11620/17922 | 输入 1763978 tok | 输出 1344511 tok | 费用 ¥4.4530 | 1310s
进度 11630/17922 | 输入 1765425 tok | 输出 1345592 tok | 费用 ¥4.4566 | 1312s
进度 11640/17922 | 输入 1766222 tok | 输出 1346096 tok | 费用 ¥4.4584 | 1312s
进度 11650/17922 | 输入 1767184 tok | 输出 1346753 tok | 费用 ¥4.4607 | 1314s
进度 11660/17922 | 输入 1768319 tok | 输出 1347605 tok | 费用 ¥4.4635 | 1314s
进度 11670/17922 | 输入 1769197 tok | 输出 1348162 tok | 费用 ¥4.4655 | 1315s
进度 11680/17922 | 输入 1770500 tok | 输出 1349138 tok | 费用 ¥4.4688 | 1316s
进度 11690/17922 | 输入 1771965 tok | 输出 1350350 tok | 费用 ¥4.4727 | 1318s
进度 11700/17922 | 输入 1773528 tok | 输出 1351531 tok | 费用 ¥4.4766 | 1319s
进度 11710/17922 | 输入 1775533 tok | 输出 1353276 tok | 费用 ¥4.4821 | 1323s
进度 11720/17922 | 输入 1777194 tok | 输出 1354615 tok | 费用 ¥4.4864 | 1324s
进度 11730/17922 | 输入 1779367 tok | 输出 1356327 tok | 费用 ¥4.4920 | 1324s
进度 11740/17922 | 输入 1781435 tok | 输出 1357878 tok | 费用 ¥4.4972 | 1325s
进度 11750/17922 | 输入 1783155 tok | 输出 1359219 tok | 费用 ¥4.5016 | 1327s
进度 11760/17922 | 输入 1785187 tok | 输出 1360858 tok | 费用 ¥4.5069 | 1328s
进度 11770/17922 | 输入 1786310 tok | 输出 1361623 tok | 费用 ¥4.5096 | 1329s
进度 11780/17922 | 输入 1787156 tok | 输出 1362164 tok | 费用 ¥4.5115 | 1329s
进度 11790/17922 | 输入 1788624 tok | 输出 1363286 tok | 费用 ¥4.5152 | 1331s
进度 11800/17922 | 输入 1789605 tok | 输出 1363942 tok | 费用 ¥4.5175 | 1333s
  批次失败(第1次, 深度0): Expecting ',' delimiter: line 1 column 2527 (char 2526); 1s 后重试
进度 11810/17922 | 输入 1790352 tok | 输出 1364375 tok | 费用 ¥4.5191 | 1334s
进度 11820/17922 | 输入 1791633 tok | 输出 1365367 tok | 费用 ¥4.5224 | 1335s
进度 11830/17922 | 输入 1792386 tok | 输出 1365813 tok | 费用 ¥4.5240 | 1336s
进度 11840/17922 | 输入 1795076 tok | 输出 1368183 tok | 费用 ¥4.5314 | 1336s
进度 11850/17922 | 输入 1797106 tok | 输出 1369814 tok | 费用 ¥4.5367 | 1337s
进度 11860/17922 | 输入 1798002 tok | 输出 1370423 tok | 费用 ¥4.5388 | 1338s
进度 11870/17922 | 输入 1798815 tok | 输出 1370937 tok | 费用 ¥4.5407 | 1340s
进度 11880/17922 | 输入 1800017 tok | 输出 1371848 tok | 费用 ¥4.5437 | 1341s
进度 11890/17922 | 输入 1801370 tok | 输出 1372927 tok | 费用 ¥4.5472 | 1341s
进度 11900/17922 | 输入 1802988 tok | 输出 1374100 tok | 费用 ¥4.5512 | 1342s
进度 11910/17922 | 输入 1803923 tok | 输出 1374731 tok | 费用 ¥4.5534 | 1342s
进度 11920/17922 | 输入 1805311 tok | 输出 1375833 tok | 费用 ¥4.5570 | 1343s
进度 11930/17922 | 输入 1806085 tok | 输出 1376306 tok | 费用 ¥4.5587 | 1343s
进度 11940/17922 | 输入 1806937 tok | 输出 1376854 tok | 费用 ¥4.5606 | 1345s
进度 11950/17922 | 输入 1808152 tok | 输出 1377771 tok | 费用 ¥4.5637 | 1345s
进度 11960/17922 | 输入 1809204 tok | 输出 1378560 tok | 费用 ¥4.5663 | 1346s
进度 11970/17922 | 输入 1810719 tok | 输出 1379747 tok | 费用 ¥4.5702 | 1348s
进度 11980/17922 | 输入 1811769 tok | 输出 1380483 tok | 费用 ¥4.5727 | 1348s
进度 11990/17922 | 输入 1812686 tok | 输出 1381062 tok | 费用 ¥4.5748 | 1349s
进度 12000/17922 | 输入 1814038 tok | 输出 1382124 tok | 费用 ¥4.5783 | 1350s
进度 12010/17922 | 输入 1815188 tok | 输出 1382948 tok | 费用 ¥4.5811 | 1351s
进度 12020/17922 | 输入 1816559 tok | 输出 1384002 tok | 费用 ¥4.5846 | 1352s
进度 12030/17922 | 输入 1817377 tok | 输出 1384539 tok | 费用 ¥4.5865 | 1353s
进度 12040/17922 | 输入 1818691 tok | 输出 1385523 tok | 费用 ¥4.5897 | 1353s
进度 12050/17922 | 输入 1820080 tok | 输出 1386539 tok | 费用 ¥4.5932 | 1354s
进度 12060/17922 | 输入 1821226 tok | 输出 1387362 tok | 费用 ¥4.5960 | 1354s
进度 12070/17922 | 输入 1822350 tok | 输出 1388198 tok | 费用 ¥4.5987 | 1356s
进度 12080/17922 | 输入 1823365 tok | 输出 1388905 tok | 费用 ¥4.6012 | 1357s
进度 12090/17922 | 输入 1824348 tok | 输出 1389520 tok | 费用 ¥4.6034 | 1358s
进度 12100/17922 | 输入 1825839 tok | 输出 1390621 tok | 费用 ¥4.6071 | 1360s
进度 12110/17922 | 输入 1827153 tok | 输出 1391610 tok | 费用 ¥4.6104 | 1362s
进度 12120/17922 | 输入 1828618 tok | 输出 1392726 tok | 费用 ¥4.6141 | 1363s
进度 12130/17922 | 输入 1830160 tok | 输出 1393906 tok | 费用 ¥4.6180 | 1364s
进度 12140/17922 | 输入 1832672 tok | 输出 1396100 tok | 费用 ¥4.6249 | 1366s
进度 12150/17922 | 输入 1835333 tok | 输出 1398401 tok | 费用 ¥4.6321 | 1367s
进度 12160/17922 | 输入 1837031 tok | 输出 1399743 tok | 费用 ¥4.6365 | 1367s
进度 12170/17922 | 输入 1839042 tok | 输出 1401385 tok | 费用 ¥4.6418 | 1372s
进度 12180/17922 | 输入 1840091 tok | 输出 1402166 tok | 费用 ¥4.6444 | 1372s
进度 12190/17922 | 输入 1841411 tok | 输出 1403099 tok | 费用 ¥4.6476 | 1373s
进度 12200/17922 | 输入 1843368 tok | 输出 1404692 tok | 费用 ¥4.6528 | 1375s
进度 12210/17922 | 输入 1846283 tok | 输出 1407164 tok | 费用 ¥4.6606 | 1378s
进度 12220/17922 | 输入 1849176 tok | 输出 1409617 tok | 费用 ¥4.6684 | 1379s
进度 12230/17922 | 输入 1851152 tok | 输出 1411253 tok | 费用 ¥4.6737 | 1381s
进度 12240/17922 | 输入 1853069 tok | 输出 1412772 tok | 费用 ¥4.6786 | 1384s
进度 12250/17922 | 输入 1855665 tok | 输出 1414889 tok | 费用 ¥4.6854 | 1384s
进度 12260/17922 | 输入 1856610 tok | 输出 1415533 tok | 费用 ¥4.6877 | 1385s
进度 12270/17922 | 输入 1859530 tok | 输出 1417977 tok | 费用 ¥4.6955 | 1386s
进度 12280/17922 | 输入 1860232 tok | 输出 1418382 tok | 费用 ¥4.6970 | 1387s
进度 12290/17922 | 输入 1861972 tok | 输出 1419812 tok | 费用 ¥4.7016 | 1387s
进度 12300/17922 | 输入 1864172 tok | 输出 1421584 tok | 费用 ¥4.7073 | 1388s
进度 12310/17922 | 输入 1865479 tok | 输出 1422576 tok | 费用 ¥4.7106 | 1390s
进度 12320/17922 | 输入 1866717 tok | 输出 1423438 tok | 费用 ¥4.7136 | 1390s
进度 12330/17922 | 输入 1867801 tok | 输出 1424232 tok | 费用 ¥4.7163 | 1390s
进度 12340/17922 | 输入 1869053 tok | 输出 1425233 tok | 费用 ¥4.7195 | 1393s
进度 12350/17922 | 输入 1870514 tok | 输出 1426414 tok | 费用 ¥4.7233 | 1394s
进度 12360/17922 | 输入 1871569 tok | 输出 1427164 tok | 费用 ¥4.7259 | 1394s
进度 12370/17922 | 输入 1872626 tok | 输出 1427959 tok | 费用 ¥4.7285 | 1394s
进度 12380/17922 | 输入 1873926 tok | 输出 1428961 tok | 费用 ¥4.7318 | 1395s
进度 12390/17922 | 输入 1875790 tok | 输出 1430673 tok | 费用 ¥4.7371 | 1397s
进度 12400/17922 | 输入 1876769 tok | 输出 1431378 tok | 费用 ¥4.7395 | 1397s
进度 12410/17922 | 输入 1877901 tok | 输出 1432206 tok | 费用 ¥4.7423 | 1399s
进度 12420/17922 | 输入 1879350 tok | 输出 1433322 tok | 费用 ¥4.7460 | 1400s
进度 12430/17922 | 输入 1880749 tok | 输出 1434415 tok | 费用 ¥4.7496 | 1400s
进度 12440/17922 | 输入 1881774 tok | 输出 1435075 tok | 费用 ¥4.7519 | 1401s
进度 12450/17922 | 输入 1882607 tok | 输出 1435589 tok | 费用 ¥4.7538 | 1404s
进度 12460/17922 | 输入 1883513 tok | 输出 1436193 tok | 费用 ¥4.7559 | 1404s
进度 12470/17922 | 输入 1886180 tok | 输出 1438455 tok | 费用 ¥4.7631 | 1406s
进度 12480/17922 | 输入 1888255 tok | 输出 1440171 tok | 费用 ¥4.7686 | 1407s
进度 12490/17922 | 输入 1889970 tok | 输出 1441538 tok | 费用 ¥4.7730 | 1409s
进度 12500/17922 | 输入 1891369 tok | 输出 1442619 tok | 费用 ¥4.7766 | 1409s
进度 12510/17922 | 输入 1893517 tok | 输出 1444333 tok | 费用 ¥4.7822 | 1410s
进度 12520/17922 | 输入 1895059 tok | 输出 1445515 tok | 费用 ¥4.7861 | 1410s
进度 12530/17922 | 输入 1896689 tok | 输出 1446770 tok | 费用 ¥4.7902 | 1414s
进度 12540/17922 | 输入 1897968 tok | 输出 1447713 tok | 费用 ¥4.7934 | 1415s
进度 12550/17922 | 输入 1899336 tok | 输出 1448729 tok | 费用 ¥4.7968 | 1416s
进度 12560/17922 | 输入 1901839 tok | 输出 1450778 tok | 费用 ¥4.8034 | 1417s
进度 12570/17922 | 输入 1903597 tok | 输出 1452110 tok | 费用 ¥4.8078 | 1417s
进度 12580/17922 | 输入 1904659 tok | 输出 1452794 tok | 费用 ¥4.8102 | 1420s
进度 12590/17922 | 输入 1906072 tok | 输出 1453890 tok | 费用 ¥4.8139 | 1420s
进度 12600/17922 | 输入 1907173 tok | 输出 1454695 tok | 费用 ¥4.8166 | 1421s
进度 12610/17922 | 输入 1908214 tok | 输出 1455429 tok | 费用 ¥4.8191 | 1421s
进度 12620/17922 | 输入 1909524 tok | 输出 1456392 tok | 费用 ¥4.8223 | 1422s
进度 12630/17922 | 输入 1912210 tok | 输出 1458645 tok | 费用 ¥4.8295 | 1422s
进度 12640/17922 | 输入 1913128 tok | 输出 1459240 tok | 费用 ¥4.8316 | 1424s
进度 12650/17922 | 输入 1913824 tok | 输出 1459616 tok | 费用 ¥4.8331 | 1424s
进度 12660/17922 | 输入 1914652 tok | 输出 1460128 tok | 费用 ¥4.8349 | 1425s
进度 12670/17922 | 输入 1915430 tok | 输出 1460585 tok | 费用 ¥4.8366 | 1425s
进度 12680/17922 | 输入 1916272 tok | 输出 1461077 tok | 费用 ¥4.8384 | 1425s
进度 12690/17922 | 输入 1916922 tok | 输出 1461421 tok | 费用 ¥4.8398 | 1426s
进度 12700/17922 | 输入 1918250 tok | 输出 1462365 tok | 费用 ¥4.8430 | 1426s
进度 12710/17922 | 输入 1918932 tok | 输出 1462756 tok | 费用 ¥4.8444 | 1426s
进度 12720/17922 | 输入 1919628 tok | 输出 1463150 tok | 费用 ¥4.8459 | 1428s
进度 12730/17922 | 输入 1920319 tok | 输出 1463535 tok | 费用 ¥4.8474 | 1428s
进度 12740/17922 | 输入 1921000 tok | 输出 1463913 tok | 费用 ¥4.8488 | 1428s
进度 12750/17922 | 输入 1921723 tok | 输出 1464361 tok | 费用 ¥4.8504 | 1429s
进度 12760/17922 | 输入 1922868 tok | 输出 1465200 tok | 费用 ¥4.8533 | 1430s
进度 12770/17922 | 输入 1924216 tok | 输出 1466208 tok | 费用 ¥4.8566 | 1431s
进度 12780/17922 | 输入 1925097 tok | 输出 1466769 tok | 费用 ¥4.8586 | 1431s
进度 12790/17922 | 输入 1925737 tok | 输出 1467130 tok | 费用 ¥4.8600 | 1432s
进度 12800/17922 | 输入 1926638 tok | 输出 1467768 tok | 费用 ¥4.8622 | 1432s
进度 12810/17922 | 输入 1927309 tok | 输出 1468142 tok | 费用 ¥4.8636 | 1433s
进度 12820/17922 | 输入 1928240 tok | 输出 1468746 tok | 费用 ¥4.8657 | 1433s
进度 12830/17922 | 输入 1928925 tok | 输出 1469127 tok | 费用 ¥4.8672 | 1433s
进度 12840/17922 | 输入 1929680 tok | 输出 1469566 tok | 费用 ¥4.8688 | 1434s
进度 12850/17922 | 输入 1930304 tok | 输出 1469882 tok | 费用 ¥4.8701 | 1434s
进度 12860/17922 | 输入 1930969 tok | 输出 1470264 tok | 费用 ¥4.8715 | 1435s
进度 12870/17922 | 输入 1931595 tok | 输出 1470597 tok | 费用 ¥4.8728 | 1435s
进度 12880/17922 | 输入 1932395 tok | 输出 1471073 tok | 费用 ¥4.8745 | 1436s
进度 12890/17922 | 输入 1933199 tok | 输出 1471569 tok | 费用 ¥4.8763 | 1436s
进度 12900/17922 | 输入 1933939 tok | 输出 1472007 tok | 费用 ¥4.8780 | 1437s
进度 12910/17922 | 输入 1934751 tok | 输出 1472529 tok | 费用 ¥4.8798 | 1437s
进度 12920/17922 | 输入 1935531 tok | 输出 1473006 tok | 费用 ¥4.8815 | 1438s
进度 12930/17922 | 输入 1936169 tok | 输出 1473358 tok | 费用 ¥4.8829 | 1439s
进度 12940/17922 | 输入 1937164 tok | 输出 1474032 tok | 费用 ¥4.8852 | 1439s
进度 12950/17922 | 输入 1938034 tok | 输出 1474587 tok | 费用 ¥4.8872 | 1439s
进度 12960/17922 | 输入 1938698 tok | 输出 1474930 tok | 费用 ¥4.8886 | 1439s
进度 12970/17922 | 输入 1939471 tok | 输出 1475391 tok | 费用 ¥4.8903 | 1440s
进度 12980/17922 | 输入 1940147 tok | 输出 1475771 tok | 费用 ¥4.8917 | 1440s
进度 12990/17922 | 输入 1940827 tok | 输出 1476166 tok | 费用 ¥4.8932 | 1441s
进度 13000/17922 | 输入 1941794 tok | 输出 1476817 tok | 费用 ¥4.8954 | 1444s
进度 13010/17922 | 输入 1942730 tok | 输出 1477428 tok | 费用 ¥4.8976 | 1444s
进度 13020/17922 | 输入 1943875 tok | 输出 1478261 tok | 费用 ¥4.9004 | 1444s
进度 13030/17922 | 输入 1945062 tok | 输出 1479141 tok | 费用 ¥4.9033 | 1444s
进度 13040/17922 | 输入 1945971 tok | 输出 1479735 tok | 费用 ¥4.9054 | 1444s
进度 13050/17922 | 输入 1947090 tok | 输出 1480516 tok | 费用 ¥4.9081 | 1444s
进度 13060/17922 | 输入 1948230 tok | 输出 1481328 tok | 费用 ¥4.9109 | 1449s
进度 13070/17922 | 输入 1949375 tok | 输出 1482165 tok | 费用 ¥4.9137 | 1449s
进度 13080/17922 | 输入 1950432 tok | 输出 1482891 tok | 费用 ¥4.9162 | 1449s
进度 13090/17922 | 输入 1951577 tok | 输出 1483738 tok | 费用 ¥4.9191 | 1449s
进度 13100/17922 | 输入 1952842 tok | 输出 1484704 tok | 费用 ¥4.9223 | 1450s
进度 13110/17922 | 输入 1954922 tok | 输出 1486463 tok | 费用 ¥4.9278 | 1453s
进度 13120/17922 | 输入 1956300 tok | 输出 1487490 tok | 费用 ¥4.9313 | 1454s
进度 13130/17922 | 输入 1957833 tok | 输出 1488674 tok | 费用 ¥4.9352 | 1457s
进度 13140/17922 | 输入 1959952 tok | 输出 1490542 tok | 费用 ¥4.9410 | 1460s
进度 13150/17922 | 输入 1961215 tok | 输出 1491452 tok | 费用 ¥4.9441 | 1460s
进度 13160/17922 | 输入 1963547 tok | 输出 1493296 tok | 费用 ¥4.9501 | 1460s
进度 13170/17922 | 输入 1964422 tok | 输出 1493885 tok | 费用 ¥4.9522 | 1461s
进度 13180/17922 | 输入 1965964 tok | 输出 1495092 tok | 费用 ¥4.9561 | 1461s
进度 13190/17922 | 输入 1968188 tok | 输出 1496902 tok | 费用 ¥4.9620 | 1462s
进度 13200/17922 | 输入 1969162 tok | 输出 1497582 tok | 费用 ¥4.9643 | 1464s
进度 13210/17922 | 输入 1970117 tok | 输出 1498220 tok | 费用 ¥4.9666 | 1464s
进度 13220/17922 | 输入 1971228 tok | 输出 1499006 tok | 费用 ¥4.9692 | 1466s
进度 13230/17922 | 输入 1972617 tok | 输出 1500085 tok | 费用 ¥4.9728 | 1468s
进度 13240/17922 | 输入 1974346 tok | 输出 1501483 tok | 费用 ¥4.9773 | 1468s
进度 13250/17922 | 输入 1975142 tok | 输出 1501975 tok | 费用 ¥4.9791 | 1471s
进度 13260/17922 | 输入 1976132 tok | 输出 1502617 tok | 费用 ¥4.9814 | 1472s
进度 13270/17922 | 输入 1977763 tok | 输出 1503922 tok | 费用 ¥4.9856 | 1472s
进度 13280/17922 | 输入 1980129 tok | 输出 1505892 tok | 费用 ¥4.9919 | 1473s
进度 13290/17922 | 输入 1981941 tok | 输出 1507334 tok | 费用 ¥4.9966 | 1475s
进度 13300/17922 | 输入 1982860 tok | 输出 1507896 tok | 费用 ¥4.9987 | 1475s
进度 13310/17922 | 输入 1983758 tok | 输出 1508489 tok | 费用 ¥5.0007 | 1476s
进度 13320/17922 | 输入 1984723 tok | 输出 1509115 tok | 费用 ¥5.0030 | 1477s
进度 13330/17922 | 输入 1985995 tok | 输出 1510033 tok | 费用 ¥5.0061 | 1478s
进度 13340/17922 | 输入 1989009 tok | 输出 1512596 tok | 费用 ¥5.0142 | 1480s
进度 13350/17922 | 输入 1990398 tok | 输出 1513651 tok | 费用 ¥5.0177 | 1481s
进度 13360/17922 | 输入 1991937 tok | 输出 1514910 tok | 费用 ¥5.0218 | 1482s
进度 13370/17922 | 输入 1993502 tok | 输出 1516171 tok | 费用 ¥5.0258 | 1482s
进度 13380/17922 | 输入 1994539 tok | 输出 1516867 tok | 费用 ¥5.0283 | 1482s
进度 13390/17922 | 输入 1995923 tok | 输出 1517907 tok | 费用 ¥5.0317 | 1483s
进度 13400/17922 | 输入 1996934 tok | 输出 1518602 tok | 费用 ¥5.0341 | 1484s
进度 13410/17922 | 输入 1998084 tok | 输出 1519411 tok | 费用 ¥5.0369 | 1486s
进度 13420/17922 | 输入 1998965 tok | 输出 1519973 tok | 费用 ¥5.0389 | 1486s
进度 13430/17922 | 输入 2000231 tok | 输出 1520865 tok | 费用 ¥5.0420 | 1486s
进度 13440/17922 | 输入 2001280 tok | 输出 1521569 tok | 费用 ¥5.0444 | 1486s
进度 13450/17922 | 输入 2002211 tok | 输出 1522195 tok | 费用 ¥5.0466 | 1487s
进度 13460/17922 | 输入 2003015 tok | 输出 1522687 tok | 费用 ¥5.0484 | 1487s
进度 13470/17922 | 输入 2003684 tok | 输出 1523064 tok | 费用 ¥5.0498 | 1489s
进度 13480/17922 | 输入 2004710 tok | 输出 1523718 tok | 费用 ¥5.0521 | 1490s
进度 13490/17922 | 输入 2005504 tok | 输出 1524214 tok | 费用 ¥5.0539 | 1490s
进度 13500/17922 | 输入 2006492 tok | 输出 1524887 tok | 费用 ¥5.0563 | 1490s
进度 13510/17922 | 输入 2007605 tok | 输出 1525698 tok | 费用 ¥5.0590 | 1491s
进度 13520/17922 | 输入 2008903 tok | 输出 1526672 tok | 费用 ¥5.0622 | 1493s
进度 13530/17922 | 输入 2009886 tok | 输出 1527324 tok | 费用 ¥5.0645 | 1493s
进度 13540/17922 | 输入 2010782 tok | 输出 1527927 tok | 费用 ¥5.0666 | 1495s
进度 13550/17922 | 输入 2011977 tok | 输出 1528871 tok | 费用 ¥5.0697 | 1495s
进度 13560/17922 | 输入 2013323 tok | 输出 1529820 tok | 费用 ¥5.0730 | 1498s
进度 13570/17922 | 输入 2014829 tok | 输出 1530950 tok | 费用 ¥5.0767 | 1500s
进度 13580/17922 | 输入 2015621 tok | 输出 1531431 tok | 费用 ¥5.0785 | 1501s
进度 13590/17922 | 输入 2018206 tok | 输出 1533512 tok | 费用 ¥5.0852 | 1502s
进度 13600/17922 | 输入 2019757 tok | 输出 1534673 tok | 费用 ¥5.0891 | 1502s
进度 13610/17922 | 输入 2021818 tok | 输出 1536346 tok | 费用 ¥5.0945 | 1504s
进度 13620/17922 | 输入 2022738 tok | 输出 1536952 tok | 费用 ¥5.0966 | 1506s
进度 13630/17922 | 输入 2026282 tok | 输出 1539701 tok | 费用 ¥5.1057 | 1506s
进度 13640/17922 | 输入 2027296 tok | 输出 1540382 tok | 费用 ¥5.1081 | 1507s
进度 13650/17922 | 输入 2028749 tok | 输出 1541468 tok | 费用 ¥5.1117 | 1507s
进度 13660/17922 | 输入 2029666 tok | 输出 1542047 tok | 费用 ¥5.1138 | 1510s
进度 13670/17922 | 输入 2030964 tok | 输出 1542993 tok | 费用 ¥5.1170 | 1510s
进度 13680/17922 | 输入 2033274 tok | 输出 1544854 tok | 费用 ¥5.1230 | 1510s
进度 13690/17922 | 输入 2034196 tok | 输出 1545441 tok | 费用 ¥5.1251 | 1511s
进度 13700/17922 | 输入 2035432 tok | 输出 1546323 tok | 费用 ¥5.1281 | 1512s
进度 13710/17922 | 输入 2036832 tok | 输出 1547292 tok | 费用 ¥5.1314 | 1512s
进度 13720/17922 | 输入 2037660 tok | 输出 1547785 tok | 费用 ¥5.1332 | 1513s
进度 13730/17922 | 输入 2038433 tok | 输出 1548228 tok | 费用 ¥5.1349 | 1513s
进度 13740/17922 | 输入 2039301 tok | 输出 1548756 tok | 费用 ¥5.1368 | 1513s
进度 13750/17922 | 输入 2040262 tok | 输出 1549338 tok | 费用 ¥5.1389 | 1515s
进度 13760/17922 | 输入 2041172 tok | 输出 1549891 tok | 费用 ¥5.1410 | 1516s
  批次失败(第1次, 深度0): Expecting ',' delimiter: line 1 column 1602 (char 1601); 1s 后重试
进度 13770/17922 | 输入 2042174 tok | 输出 1550580 tok | 费用 ¥5.1433 | 1517s
进度 13780/17922 | 输入 2043002 tok | 输出 1551086 tok | 费用 ¥5.1452 | 1518s
进度 13790/17922 | 输入 2044320 tok | 输出 1552107 tok | 费用 ¥5.1485 | 1519s
进度 13800/17922 | 输入 2045260 tok | 输出 1552721 tok | 费用 ¥5.1507 | 1519s
进度 13810/17922 | 输入 2045990 tok | 输出 1553160 tok | 费用 ¥5.1523 | 1520s
进度 13820/17922 | 输入 2048042 tok | 输出 1554784 tok | 费用 ¥5.1576 | 1522s
进度 13830/17922 | 输入 2049143 tok | 输出 1555514 tok | 费用 ¥5.1602 | 1522s
进度 13840/17922 | 输入 2050244 tok | 输出 1556279 tok | 费用 ¥5.1628 | 1524s
进度 13850/17922 | 输入 2052082 tok | 输出 1557755 tok | 费用 ¥5.1676 | 1526s
进度 13860/17922 | 输入 2054159 tok | 输出 1559362 tok | 费用 ¥5.1729 | 1528s
进度 13870/17922 | 输入 2056125 tok | 输出 1560852 tok | 费用 ¥5.1778 | 1528s
进度 13880/17922 | 输入 2058075 tok | 输出 1562466 tok | 费用 ¥5.1830 | 1533s
进度 13890/17922 | 输入 2059926 tok | 输出 1563902 tok | 费用 ¥5.1877 | 1535s
进度 13900/17922 | 输入 2062649 tok | 输出 1566230 tok | 费用 ¥5.1951 | 1535s
进度 13910/17922 | 输入 2065719 tok | 输出 1568864 tok | 费用 ¥5.2034 | 1535s
进度 13920/17922 | 输入 2067833 tok | 输出 1570550 tok | 费用 ¥5.2089 | 1538s
进度 13930/17922 | 输入 2070043 tok | 输出 1572373 tok | 费用 ¥5.2148 | 1538s
进度 13940/17922 | 输入 2071957 tok | 输出 1573908 tok | 费用 ¥5.2198 | 1541s
进度 13950/17922 | 输入 2073798 tok | 输出 1575389 tok | 费用 ¥5.2246 | 1543s
进度 13960/17922 | 输入 2075727 tok | 输出 1576917 tok | 费用 ¥5.2296 | 1544s
进度 13970/17922 | 输入 2078471 tok | 输出 1579187 tok | 费用 ¥5.2368 | 1547s
进度 13980/17922 | 输入 2079533 tok | 输出 1579901 tok | 费用 ¥5.2393 | 1547s
进度 13990/17922 | 输入 2080938 tok | 输出 1580954 tok | 费用 ¥5.2428 | 1548s
进度 14000/17922 | 输入 2083328 tok | 输出 1582933 tok | 费用 ¥5.2492 | 1548s
进度 14010/17922 | 输入 2084924 tok | 输出 1584117 tok | 费用 ¥5.2532 | 1551s
进度 14020/17922 | 输入 2085801 tok | 输出 1584698 tok | 费用 ¥5.2552 | 1551s
进度 14030/17922 | 输入 2086940 tok | 输出 1585460 tok | 费用 ¥5.2579 | 1551s
进度 14040/17922 | 输入 2087904 tok | 输出 1586133 tok | 费用 ¥5.2602 | 1552s
进度 14050/17922 | 输入 2089055 tok | 输出 1586963 tok | 费用 ¥5.2630 | 1553s
进度 14060/17922 | 输入 2092318 tok | 输出 1589722 tok | 费用 ¥5.2718 | 1553s
进度 14070/17922 | 输入 2093021 tok | 输出 1590148 tok | 费用 ¥5.2733 | 1554s
进度 14080/17922 | 输入 2093780 tok | 输出 1590619 tok | 费用 ¥5.2750 | 1554s
进度 14090/17922 | 输入 2094590 tok | 输出 1591123 tok | 费用 ¥5.2768 | 1555s
进度 14100/17922 | 输入 2095721 tok | 输出 1591950 tok | 费用 ¥5.2796 | 1557s
进度 14110/17922 | 输入 2097573 tok | 输出 1593428 tok | 费用 ¥5.2844 | 1562s
进度 14120/17922 | 输入 2099545 tok | 输出 1595061 tok | 费用 ¥5.2897 | 1563s
进度 14130/17922 | 输入 2101779 tok | 输出 1596908 tok | 费用 ¥5.2956 | 1563s
进度 14140/17922 | 输入 2104036 tok | 输出 1598754 tok | 费用 ¥5.3015 | 1566s
进度 14150/17922 | 输入 2105961 tok | 输出 1600311 tok | 费用 ¥5.3066 | 1567s
进度 14160/17922 | 输入 2108752 tok | 输出 1602680 tok | 费用 ¥5.3141 | 1568s
进度 14170/17922 | 输入 2110347 tok | 输出 1603904 tok | 费用 ¥5.3182 | 1574s
进度 14180/17922 | 输入 2112708 tok | 输出 1605886 tok | 费用 ¥5.3245 | 1574s
进度 14190/17922 | 输入 2115428 tok | 输出 1608209 tok | 费用 ¥5.3318 | 1574s
进度 14200/17922 | 输入 2117095 tok | 输出 1609552 tok | 费用 ¥5.3362 | 1575s
进度 14210/17922 | 输入 2118139 tok | 输出 1610260 tok | 费用 ¥5.3387 | 1578s
进度 14220/17922 | 输入 2120845 tok | 输出 1612655 tok | 费用 ¥5.3462 | 1579s
进度 14230/17922 | 输入 2122030 tok | 输出 1613531 tok | 费用 ¥5.3491 | 1579s
进度 14240/17922 | 输入 2123325 tok | 输出 1614528 tok | 费用 ¥5.3524 | 1580s
进度 14250/17922 | 输入 2124444 tok | 输出 1615331 tok | 费用 ¥5.3551 | 1580s
进度 14260/17922 | 输入 2128042 tok | 输出 1618518 tok | 费用 ¥5.3651 | 1581s
进度 14270/17922 | 输入 2129003 tok | 输出 1619183 tok | 费用 ¥5.3674 | 1582s
进度 14280/17922 | 输入 2129976 tok | 输出 1619870 tok | 费用 ¥5.3697 | 1583s
进度 14290/17922 | 输入 2131943 tok | 输出 1621435 tok | 费用 ¥5.3748 | 1588s
进度 14300/17922 | 输入 2134167 tok | 输出 1623283 tok | 费用 ¥5.3807 | 1591s
进度 14310/17922 | 输入 2136376 tok | 输出 1625166 tok | 费用 ¥5.3867 | 1591s
进度 14320/17922 | 输入 2138928 tok | 输出 1627303 tok | 费用 ¥5.3935 | 1593s
进度 14330/17922 | 输入 2140609 tok | 输出 1628612 tok | 费用 ¥5.3978 | 1596s
进度 14340/17922 | 输入 2143534 tok | 输出 1631218 tok | 费用 ¥5.4060 | 1596s
进度 14350/17922 | 输入 2144846 tok | 输出 1632206 tok | 费用 ¥5.4093 | 1597s
进度 14360/17922 | 输入 2146113 tok | 输出 1633141 tok | 费用 ¥5.4124 | 1598s
进度 14370/17922 | 输入 2147892 tok | 输出 1634503 tok | 费用 ¥5.4169 | 1598s
进度 14380/17922 | 输入 2151238 tok | 输出 1637500 tok | 费用 ¥5.4262 | 1599s
进度 14390/17922 | 输入 2152130 tok | 输出 1638098 tok | 费用 ¥5.4283 | 1600s
进度 14400/17922 | 输入 2153250 tok | 输出 1638904 tok | 费用 ¥5.4311 | 1601s
进度 14410/17922 | 输入 2154689 tok | 输出 1639970 tok | 费用 ¥5.4346 | 1603s
进度 14420/17922 | 输入 2155706 tok | 输出 1640693 tok | 费用 ¥5.4371 | 1605s
进度 14430/17922 | 输入 2157374 tok | 输出 1641995 tok | 费用 ¥5.4414 | 1606s
进度 14440/17922 | 输入 2159099 tok | 输出 1643374 tok | 费用 ¥5.4458 | 1607s
进度 14450/17922 | 输入 2160244 tok | 输出 1644180 tok | 费用 ¥5.4486 | 1610s
进度 14460/17922 | 输入 2162716 tok | 输出 1646248 tok | 费用 ¥5.4552 | 1610s
进度 14470/17922 | 输入 2164029 tok | 输出 1647207 tok | 费用 ¥5.4584 | 1611s
进度 14480/17922 | 输入 2166709 tok | 输出 1649437 tok | 费用 ¥5.4656 | 1611s
进度 14490/17922 | 输入 2167896 tok | 输出 1650298 tok | 费用 ¥5.4685 | 1613s
进度 14500/17922 | 输入 2170092 tok | 输出 1652123 tok | 费用 ¥5.4743 | 1614s
进度 14510/17922 | 输入 2171390 tok | 输出 1653078 tok | 费用 ¥5.4775 | 1617s
进度 14520/17922 | 输入 2172898 tok | 输出 1654261 tok | 费用 ¥5.4814 | 1617s
进度 14530/17922 | 输入 2174445 tok | 输出 1655463 tok | 费用 ¥5.4854 | 1617s
进度 14540/17922 | 输入 2176244 tok | 输出 1656958 tok | 费用 ¥5.4902 | 1621s
进度 14550/17922 | 输入 2178367 tok | 输出 1658732 tok | 费用 ¥5.4958 | 1621s
进度 14560/17922 | 输入 2179912 tok | 输出 1659944 tok | 费用 ¥5.4998 | 1624s
  批次失败(第1次, 深度0): id 映射缺失: 7/10; 1s 后重试
进度 14570/17922 | 输入 2182353 tok | 输出 1661979 tok | 费用 ¥5.5063 | 1628s
进度 14580/17922 | 输入 2184151 tok | 输出 1663415 tok | 费用 ¥5.5110 | 1629s
进度 14590/17922 | 输入 2187463 tok | 输出 1666402 tok | 费用 ¥5.5203 | 1630s
进度 14600/17922 | 输入 2189269 tok | 输出 1667900 tok | 费用 ¥5.5251 | 1630s
进度 14610/17922 | 输入 2191298 tok | 输出 1669535 tok | 费用 ¥5.5304 | 1633s
进度 14620/17922 | 输入 2192248 tok | 输出 1670190 tok | 费用 ¥5.5326 | 1633s
进度 14630/17922 | 输入 2193513 tok | 输出 1671122 tok | 费用 ¥5.5358 | 1635s
进度 14640/17922 | 输入 2194986 tok | 输出 1672256 tok | 费用 ¥5.5395 | 1636s
  批次失败(第2次, 深度0): id 映射缺失: 8/10; 2s 后重试
进度 14650/17922 | 输入 2196917 tok | 输出 1673820 tok | 费用 ¥5.5446 | 1637s
进度 14660/17922 | 输入 2198127 tok | 输出 1674682 tok | 费用 ¥5.5475 | 1639s
进度 14670/17922 | 输入 2200269 tok | 输出 1676404 tok | 费用 ¥5.5531 | 1643s
进度 14680/17922 | 输入 2201812 tok | 输出 1677572 tok | 费用 ¥5.5570 | 1644s
进度 14690/17922 | 输入 2203285 tok | 输出 1678693 tok | 费用 ¥5.5607 | 1645s
进度 14700/17922 | 输入 2205678 tok | 输出 1680695 tok | 费用 ¥5.5671 | 1647s
进度 14710/17922 | 输入 2208026 tok | 输出 1682601 tok | 费用 ¥5.5732 | 1647s
  批次失败(第3次, 深度0): id 映射缺失: 8/10; 4s 后重试
进度 14720/17922 | 输入 2209207 tok | 输出 1683444 tok | 费用 ¥5.5761 | 1649s
进度 14730/17922 | 输入 2210408 tok | 输出 1684314 tok | 费用 ¥5.5790 | 1651s
进度 14740/17922 | 输入 2212040 tok | 输出 1685574 tok | 费用 ¥5.5832 | 1651s
进度 14750/17922 | 输入 2213518 tok | 输出 1686688 tok | 费用 ¥5.5869 | 1653s
进度 14760/17922 | 输入 2214868 tok | 输出 1687708 tok | 费用 ¥5.5903 | 1654s
进度 14770/17922 | 输入 2215866 tok | 输出 1688394 tok | 费用 ¥5.5927 | 1655s
进度 14780/17922 | 输入 2217666 tok | 输出 1689814 tok | 费用 ¥5.5973 | 1655s
进度 14790/17922 | 输入 2218472 tok | 输出 1690317 tok | 费用 ¥5.5991 | 1658s
进度 14800/17922 | 输入 2219993 tok | 输出 1691524 tok | 费用 ¥5.6030 | 1659s
进度 14810/17922 | 输入 2221676 tok | 输出 1692895 tok | 费用 ¥5.6075 | 1661s
  批次失败(第4次, 深度0): id 映射缺失: 8/10; 8s 后重试
进度 14820/17922 | 输入 2223142 tok | 输出 1694026 tok | 费用 ¥5.6112 | 1661s
进度 14830/17922 | 输入 2224713 tok | 输出 1695243 tok | 费用 ¥5.6152 | 1662s
进度 14840/17922 | 输入 2226054 tok | 输出 1696253 tok | 费用 ¥5.6186 | 1664s
进度 14850/17922 | 输入 2227106 tok | 输出 1696991 tok | 费用 ¥5.6211 | 1665s
进度 14860/17922 | 输入 2228645 tok | 输出 1698204 tok | 费用 ¥5.6251 | 1665s
进度 14870/17922 | 输入 2229705 tok | 输出 1698971 tok | 费用 ¥5.6276 | 1665s
进度 14880/17922 | 输入 2230520 tok | 输出 1699457 tok | 费用 ¥5.6294 | 1669s
进度 14890/17922 | 输入 2232250 tok | 输出 1700807 tok | 费用 ¥5.6339 | 1670s
进度 14900/17922 | 输入 2233254 tok | 输出 1701491 tok | 费用 ¥5.6362 | 1670s
进度 14910/17922 | 输入 2234624 tok | 输出 1702510 tok | 费用 ¥5.6396 | 1671s
进度 14920/17922 | 输入 2236069 tok | 输出 1703624 tok | 费用 ¥5.6433 | 1672s
进度 14930/17922 | 输入 2237107 tok | 输出 1704330 tok | 费用 ¥5.6458 | 1673s
  批次失败(第1次, 深度1): id 映射缺失: 4/5; 1s 后重试
进度 14940/17922 | 输入 2238077 tok | 输出 1704986 tok | 费用 ¥5.6480 | 1675s
进度 14950/17922 | 输入 2238952 tok | 输出 1705547 tok | 费用 ¥5.6500 | 1675s
进度 14960/17922 | 输入 2240250 tok | 输出 1706534 tok | 费用 ¥5.6533 | 1675s
进度 14970/17922 | 输入 2241130 tok | 输出 1707051 tok | 费用 ¥5.6552 | 1678s
进度 14980/17922 | 输入 2243091 tok | 输出 1708638 tok | 费用 ¥5.6604 | 1680s
  批次失败(第2次, 深度1): id 映射缺失: 4/5; 2s 后重试
进度 14990/17922 | 输入 2244431 tok | 输出 1709611 tok | 费用 ¥5.6637 | 1681s
进度 15000/17922 | 输入 2246496 tok | 输出 1711269 tok | 费用 ¥5.6690 | 1681s
进度 15010/17922 | 输入 2247580 tok | 输出 1712035 tok | 费用 ¥5.6716 | 1683s
进度 15020/17922 | 输入 2248420 tok | 输出 1712560 tok | 费用 ¥5.6735 | 1683s
进度 15030/17922 | 输入 2249250 tok | 输出 1713086 tok | 费用 ¥5.6754 | 1684s
进度 15040/17922 | 输入 2251239 tok | 输出 1714687 tok | 费用 ¥5.6806 | 1685s
  批次失败(第1次, 深度2): id 映射缺失: 1/2; 1s 后重试
进度 15050/17922 | 输入 2252409 tok | 输出 1715524 tok | 费用 ¥5.6835 | 1686s
进度 15060/17922 | 输入 2253596 tok | 输出 1716345 tok | 费用 ¥5.6863 | 1688s
进度 15070/17922 | 输入 2254487 tok | 输出 1716925 tok | 费用 ¥5.6883 | 1688s
  批次失败(第2次, 深度2): id 映射缺失: 1/2; 2s 后重试
进度 15080/17922 | 输入 2255353 tok | 输出 1717486 tok | 费用 ¥5.6903 | 1690s
进度 15090/17922 | 输入 2256818 tok | 输出 1718594 tok | 费用 ¥5.6940 | 1690s
进度 15100/17922 | 输入 2258543 tok | 输出 1719956 tok | 费用 ¥5.6985 | 1691s
进度 15110/17922 | 输入 2259386 tok | 输出 1720485 tok | 费用 ¥5.7004 | 1691s
进度 15120/17922 | 输入 2260352 tok | 输出 1721147 tok | 费用 ¥5.7026 | 1694s
进度 15130/17922 | 输入 2261202 tok | 输出 1721704 tok | 费用 ¥5.7046 | 1694s
进度 15140/17922 | 输入 2262194 tok | 输出 1722381 tok | 费用 ¥5.7070 | 1694s
进度 15150/17922 | 输入 2263336 tok | 输出 1723210 tok | 费用 ¥5.7098 | 1696s
进度 15160/17922 | 输入 2265223 tok | 输出 1724734 tok | 费用 ¥5.7147 | 1697s
进度 15170/17922 | 输入 2266624 tok | 输出 1725756 tok | 费用 ¥5.7181 | 1700s
进度 15180/17922 | 输入 2267895 tok | 输出 1726678 tok | 费用 ¥5.7213 | 1700s
进度 15190/17922 | 输入 2269208 tok | 输出 1727664 tok | 费用 ¥5.7245 | 1700s
进度 15200/17922 | 输入 2270437 tok | 输出 1728545 tok | 费用 ¥5.7275 | 1702s
进度 15210/17922 | 输入 2271664 tok | 输出 1729448 tok | 费用 ¥5.7306 | 1702s
进度 15220/17922 | 输入 2274423 tok | 输出 1731184 tok | 费用 ¥5.7368 | 1703s
进度 15230/17922 | 输入 2275596 tok | 输出 1732037 tok | 费用 ¥5.7397 | 1705s
进度 15240/17922 | 输入 2277019 tok | 输出 1733156 tok | 费用 ¥5.7433 | 1706s
进度 15250/17922 | 输入 2278066 tok | 输出 1733862 tok | 费用 ¥5.7458 | 1706s
进度 15260/17922 | 输入 2278918 tok | 输出 1734391 tok | 费用 ¥5.7477 | 1707s
进度 15270/17922 | 输入 2280287 tok | 输出 1735437 tok | 费用 ¥5.7512 | 1708s
进度 15280/17922 | 输入 2282190 tok | 输出 1736966 tok | 费用 ¥5.7561 | 1709s
进度 15290/17922 | 输入 2283372 tok | 输出 1737779 tok | 费用 ¥5.7589 | 1711s
进度 15300/17922 | 输入 2284547 tok | 输出 1738662 tok | 费用 ¥5.7619 | 1712s
进度 15310/17922 | 输入 2286154 tok | 输出 1739926 tok | 费用 ¥5.7660 | 1712s
进度 15320/17922 | 输入 2288125 tok | 输出 1741520 tok | 费用 ¥5.7712 | 1715s
进度 15330/17922 | 输入 2289913 tok | 输出 1743027 tok | 费用 ¥5.7760 | 1716s
进度 15340/17922 | 输入 2290810 tok | 输出 1743636 tok | 费用 ¥5.7781 | 1716s
进度 15350/17922 | 输入 2291641 tok | 输出 1744167 tok | 费用 ¥5.7800 | 1719s
进度 15360/17922 | 输入 2292718 tok | 输出 1744904 tok | 费用 ¥5.7825 | 1721s
进度 15370/17922 | 输入 2293912 tok | 输出 1745772 tok | 费用 ¥5.7855 | 1721s
进度 15380/17922 | 输入 2294686 tok | 输出 1746217 tok | 费用 ¥5.7871 | 1724s
进度 15390/17922 | 输入 2297676 tok | 输出 1748736 tok | 费用 ¥5.7951 | 1724s
进度 15400/17922 | 输入 2301271 tok | 输出 1751871 tok | 费用 ¥5.8050 | 1725s
进度 15410/17922 | 输入 2302292 tok | 输出 1752574 tok | 费用 ¥5.8074 | 1725s
进度 15420/17922 | 输入 2305806 tok | 输出 1755618 tok | 费用 ¥5.8170 | 1726s
进度 15430/17922 | 输入 2306888 tok | 输出 1756350 tok | 费用 ¥5.8196 | 1729s
进度 15440/17922 | 输入 2308047 tok | 输出 1757172 tok | 费用 ¥5.8224 | 1730s
进度 15450/17922 | 输入 2309042 tok | 输出 1757831 tok | 费用 ¥5.8247 | 1731s
进度 15460/17922 | 输入 2310448 tok | 输出 1758850 tok | 费用 ¥5.8281 | 1731s
进度 15470/17922 | 输入 2311418 tok | 输出 1759486 tok | 费用 ¥5.8304 | 1732s
进度 15480/17922 | 输入 2313201 tok | 输出 1760858 tok | 费用 ¥5.8349 | 1733s
进度 15490/17922 | 输入 2313826 tok | 输出 1761185 tok | 费用 ¥5.8362 | 1733s
进度 15500/17922 | 输入 2314388 tok | 输出 1761459 tok | 费用 ¥5.8373 | 1733s
进度 15510/17922 | 输入 2315296 tok | 输出 1762070 tok | 费用 ¥5.8394 | 1733s
进度 15520/17922 | 输入 2316234 tok | 输出 1762695 tok | 费用 ¥5.8416 | 1737s
进度 15530/17922 | 输入 2320412 tok | 输出 1766225 tok | 费用 ¥5.8529 | 1737s
进度 15540/17922 | 输入 2321578 tok | 输出 1767067 tok | 费用 ¥5.8557 | 1738s
进度 15550/17922 | 输入 2323105 tok | 输出 1768213 tok | 费用 ¥5.8595 | 1740s
进度 15560/17922 | 输入 2324824 tok | 输出 1769551 tok | 费用 ¥5.8639 | 1741s
进度 15570/17922 | 输入 2325908 tok | 输出 1770274 tok | 费用 ¥5.8665 | 1741s
进度 15580/17922 | 输入 2327712 tok | 输出 1771641 tok | 费用 ¥5.8710 | 1742s
进度 15590/17922 | 输入 2329146 tok | 输出 1772685 tok | 费用 ¥5.8745 | 1743s
进度 15600/17922 | 输入 2330496 tok | 输出 1773729 tok | 费用 ¥5.8780 | 1744s
进度 15610/17922 | 输入 2331727 tok | 输出 1774636 tok | 费用 ¥5.8810 | 1745s
进度 15620/17922 | 输入 2332640 tok | 输出 1775266 tok | 费用 ¥5.8832 | 1745s
进度 15630/17922 | 输入 2333867 tok | 输出 1776187 tok | 费用 ¥5.8862 | 1747s
进度 15640/17922 | 输入 2335124 tok | 输出 1777122 tok | 费用 ¥5.8894 | 1747s
进度 15650/17922 | 输入 2335953 tok | 输出 1777631 tok | 费用 ¥5.8912 | 1749s
进度 15660/17922 | 输入 2337003 tok | 输出 1778331 tok | 费用 ¥5.8937 | 1749s
进度 15670/17922 | 输入 2338166 tok | 输出 1779134 tok | 费用 ¥5.8964 | 1750s
进度 15680/17922 | 输入 2339778 tok | 输出 1780379 tok | 费用 ¥5.9005 | 1750s
进度 15690/17922 | 输入 2340671 tok | 输出 1780946 tok | 费用 ¥5.9026 | 1751s
进度 15700/17922 | 输入 2341594 tok | 输出 1781580 tok | 费用 ¥5.9048 | 1752s
进度 15710/17922 | 输入 2342982 tok | 输出 1782593 tok | 费用 ¥5.9082 | 1753s
进度 15720/17922 | 输入 2344678 tok | 输出 1783910 tok | 费用 ¥5.9125 | 1756s
进度 15730/17922 | 输入 2346056 tok | 输出 1784928 tok | 费用 ¥5.9159 | 1757s
进度 15740/17922 | 输入 2347261 tok | 输出 1785791 tok | 费用 ¥5.9188 | 1758s
进度 15750/17922 | 输入 2349078 tok | 输出 1787243 tok | 费用 ¥5.9236 | 1758s
进度 15760/17922 | 输入 2350398 tok | 输出 1788207 tok | 费用 ¥5.9268 | 1759s
进度 15770/17922 | 输入 2351420 tok | 输出 1788895 tok | 费用 ¥5.9292 | 1760s
进度 15780/17922 | 输入 2353470 tok | 输出 1790680 tok | 费用 ¥5.9348 | 1761s
进度 15790/17922 | 输入 2354741 tok | 输出 1791583 tok | 费用 ¥5.9379 | 1762s
进度 15800/17922 | 输入 2355972 tok | 输出 1792457 tok | 费用 ¥5.9409 | 1763s
进度 15810/17922 | 输入 2356787 tok | 输出 1792954 tok | 费用 ¥5.9427 | 1764s
进度 15820/17922 | 输入 2357996 tok | 输出 1793843 tok | 费用 ¥5.9457 | 1765s
进度 15830/17922 | 输入 2359403 tok | 输出 1794881 tok | 费用 ¥5.9492 | 1765s
进度 15840/17922 | 输入 2360204 tok | 输出 1795384 tok | 费用 ¥5.9510 | 1767s
进度 15850/17922 | 输入 2361270 tok | 输出 1796136 tok | 费用 ¥5.9535 | 1767s
进度 15860/17922 | 输入 2362642 tok | 输出 1797145 tok | 费用 ¥5.9569 | 1768s
进度 15870/17922 | 输入 2363756 tok | 输出 1797914 tok | 费用 ¥5.9596 | 1770s
进度 15880/17922 | 输入 2365003 tok | 输出 1798786 tok | 费用 ¥5.9626 | 1771s
进度 15890/17922 | 输入 2367892 tok | 输出 1801071 tok | 费用 ¥5.9700 | 1771s
进度 15900/17922 | 输入 2369091 tok | 输出 1801919 tok | 费用 ¥5.9729 | 1772s
进度 15910/17922 | 输入 2370329 tok | 输出 1802811 tok | 费用 ¥5.9760 | 1773s
进度 15920/17922 | 输入 2371565 tok | 输出 1803706 tok | 费用 ¥5.9790 | 1773s
进度 15930/17922 | 输入 2372435 tok | 输出 1804255 tok | 费用 ¥5.9809 | 1776s
进度 15940/17922 | 输入 2373293 tok | 输出 1804819 tok | 费用 ¥5.9829 | 1776s
进度 15950/17922 | 输入 2374528 tok | 输出 1805711 tok | 费用 ¥5.9860 | 1776s
进度 15960/17922 | 输入 2375310 tok | 输出 1806183 tok | 费用 ¥5.9877 | 1776s
进度 15970/17922 | 输入 2376587 tok | 输出 1807184 tok | 费用 ¥5.9910 | 1777s
进度 15980/17922 | 输入 2377431 tok | 输出 1807720 tok | 费用 ¥5.9929 | 1780s
进度 15990/17922 | 输入 2378621 tok | 输出 1808604 tok | 费用 ¥5.9958 | 1782s
进度 16000/17922 | 输入 2379914 tok | 输出 1809579 tok | 费用 ¥5.9991 | 1782s
进度 16010/17922 | 输入 2381310 tok | 输出 1810665 tok | 费用 ¥6.0026 | 1782s
进度 16020/17922 | 输入 2383873 tok | 输出 1812805 tok | 费用 ¥6.0095 | 1783s
进度 16030/17922 | 输入 2385346 tok | 输出 1813947 tok | 费用 ¥6.0132 | 1784s
进度 16040/17922 | 输入 2386562 tok | 输出 1814790 tok | 费用 ¥6.0161 | 1787s
进度 16050/17922 | 输入 2387606 tok | 输出 1815541 tok | 费用 ¥6.0187 | 1788s
进度 16060/17922 | 输入 2389263 tok | 输出 1816882 tok | 费用 ¥6.0230 | 1789s
进度 16070/17922 | 输入 2390634 tok | 输出 1817927 tok | 费用 ¥6.0265 | 1790s
进度 16080/17922 | 输入 2392279 tok | 输出 1819233 tok | 费用 ¥6.0307 | 1790s
进度 16090/17922 | 输入 2394690 tok | 输出 1821308 tok | 费用 ¥6.0373 | 1791s
进度 16100/17922 | 输入 2396039 tok | 输出 1822380 tok | 费用 ¥6.0408 | 1794s
进度 16110/17922 | 输入 2398058 tok | 输出 1823953 tok | 费用 ¥6.0460 | 1797s
进度 16120/17922 | 输入 2399731 tok | 输出 1825216 tok | 费用 ¥6.0502 | 1798s
进度 16130/17922 | 输入 2401433 tok | 输出 1826509 tok | 费用 ¥6.0545 | 1799s
进度 16140/17922 | 输入 2402515 tok | 输出 1827247 tok | 费用 ¥6.0570 | 1799s
进度 16150/17922 | 输入 2405164 tok | 输出 1829423 tok | 费用 ¥6.0640 | 1801s
进度 16160/17922 | 输入 2407442 tok | 输出 1831224 tok | 费用 ¥6.0699 | 1801s
进度 16170/17922 | 输入 2408593 tok | 输出 1831997 tok | 费用 ¥6.0726 | 1802s
进度 16180/17922 | 输入 2409951 tok | 输出 1832988 tok | 费用 ¥6.0759 | 1804s
进度 16190/17922 | 输入 2411330 tok | 输出 1834034 tok | 费用 ¥6.0794 | 1806s
进度 16200/17922 | 输入 2413050 tok | 输出 1835393 tok | 费用 ¥6.0838 | 1807s
进度 16210/17922 | 输入 2414572 tok | 输出 1836558 tok | 费用 ¥6.0877 | 1808s
进度 16220/17922 | 输入 2416228 tok | 输出 1837846 tok | 费用 ¥6.0919 | 1810s
进度 16230/17922 | 输入 2417587 tok | 输出 1838874 tok | 费用 ¥6.0953 | 1811s
进度 16240/17922 | 输入 2420491 tok | 输出 1841439 tok | 费用 ¥6.1034 | 1815s
进度 16250/17922 | 输入 2422918 tok | 输出 1843532 tok | 费用 ¥6.1100 | 1817s
进度 16260/17922 | 输入 2425273 tok | 输出 1845503 tok | 费用 ¥6.1163 | 1818s
进度 16270/17922 | 输入 2428001 tok | 输出 1847829 tok | 费用 ¥6.1237 | 1821s
进度 16280/17922 | 输入 2430282 tok | 输出 1849757 tok | 费用 ¥6.1298 | 1821s
进度 16290/17922 | 输入 2432901 tok | 输出 1851921 tok | 费用 ¥6.1367 | 1822s
进度 16300/17922 | 输入 2434189 tok | 输出 1852879 tok | 费用 ¥6.1399 | 1823s
进度 16310/17922 | 输入 2435731 tok | 输出 1854078 tok | 费用 ¥6.1439 | 1824s
进度 16320/17922 | 输入 2438136 tok | 输出 1856049 tok | 费用 ¥6.1502 | 1826s
进度 16330/17922 | 输入 2439296 tok | 输出 1856865 tok | 费用 ¥6.1530 | 1827s
进度 16340/17922 | 输入 2440585 tok | 输出 1857792 tok | 费用 ¥6.1562 | 1827s
进度 16350/17922 | 输入 2441735 tok | 输出 1858599 tok | 费用 ¥6.1589 | 1827s
进度 16360/17922 | 输入 2442825 tok | 输出 1859390 tok | 费用 ¥6.1616 | 1828s
进度 16370/17922 | 输入 2444048 tok | 输出 1860307 tok | 费用 ¥6.1647 | 1832s
进度 16380/17922 | 输入 2445784 tok | 输出 1861698 tok | 费用 ¥6.1692 | 1832s
进度 16390/17922 | 输入 2447121 tok | 输出 1862744 tok | 费用 ¥6.1726 | 1833s
进度 16400/17922 | 输入 2448490 tok | 输出 1863824 tok | 费用 ¥6.1761 | 1833s
进度 16410/17922 | 输入 2449709 tok | 输出 1864786 tok | 费用 ¥6.1793 | 1834s
进度 16420/17922 | 输入 2450949 tok | 输出 1865730 tok | 费用 ¥6.1824 | 1834s
进度 16430/17922 | 输入 2451925 tok | 输出 1866440 tok | 费用 ¥6.1848 | 1836s
进度 16440/17922 | 输入 2453211 tok | 输出 1867400 tok | 费用 ¥6.1880 | 1838s
进度 16450/17922 | 输入 2454388 tok | 输出 1868295 tok | 费用 ¥6.1910 | 1839s
进度 16460/17922 | 输入 2455635 tok | 输出 1869235 tok | 费用 ¥6.1941 | 1839s
进度 16470/17922 | 输入 2456969 tok | 输出 1870252 tok | 费用 ¥6.1975 | 1839s
进度 16480/17922 | 输入 2458380 tok | 输出 1871334 tok | 费用 ¥6.2010 | 1839s
进度 16490/17922 | 输入 2459562 tok | 输出 1872218 tok | 费用 ¥6.2040 | 1843s
进度 16500/17922 | 输入 2461101 tok | 输出 1873416 tok | 费用 ¥6.2079 | 1843s
进度 16510/17922 | 输入 2462193 tok | 输出 1874184 tok | 费用 ¥6.2106 | 1844s
进度 16520/17922 | 输入 2463601 tok | 输出 1875291 tok | 费用 ¥6.2142 | 1845s
进度 16530/17922 | 输入 2465080 tok | 输出 1876428 tok | 费用 ¥6.2179 | 1845s
进度 16540/17922 | 输入 2466470 tok | 输出 1877495 tok | 费用 ¥6.2215 | 1846s
进度 16550/17922 | 输入 2467581 tok | 输出 1878303 tok | 费用 ¥6.2242 | 1848s
进度 16560/17922 | 输入 2468844 tok | 输出 1879243 tok | 费用 ¥6.2273 | 1848s
进度 16570/17922 | 输入 2469634 tok | 输出 1879694 tok | 费用 ¥6.2290 | 1848s
进度 16580/17922 | 输入 2470830 tok | 输出 1880566 tok | 费用 ¥6.2320 | 1849s
进度 16590/17922 | 输入 2471982 tok | 输出 1881371 tok | 费用 ¥6.2347 | 1850s
进度 16600/17922 | 输入 2472788 tok | 输出 1881859 tok | 费用 ¥6.2365 | 1851s
进度 16610/17922 | 输入 2473649 tok | 输出 1882403 tok | 费用 ¥6.2385 | 1852s
进度 16620/17922 | 输入 2475290 tok | 输出 1883714 tok | 费用 ¥6.2427 | 1853s
进度 16630/17922 | 输入 2476467 tok | 输出 1884565 tok | 费用 ¥6.2456 | 1853s
进度 16640/17922 | 输入 2477529 tok | 输出 1885311 tok | 费用 ¥6.2482 | 1853s
进度 16650/17922 | 输入 2478406 tok | 输出 1885872 tok | 费用 ¥6.2501 | 1854s
进度 16660/17922 | 输入 2479171 tok | 输出 1886318 tok | 费用 ¥6.2518 | 1854s
进度 16670/17922 | 输入 2479977 tok | 输出 1886813 tok | 费用 ¥6.2536 | 1855s
进度 16680/17922 | 输入 2480795 tok | 输出 1887308 tok | 费用 ¥6.2554 | 1858s
进度 16690/17922 | 输入 2482128 tok | 输出 1888276 tok | 费用 ¥6.2587 | 1859s
进度 16700/17922 | 输入 2483377 tok | 输出 1889179 tok | 费用 ¥6.2617 | 1859s
进度 16710/17922 | 输入 2484765 tok | 输出 1890202 tok | 费用 ¥6.2652 | 1859s
进度 16720/17922 | 输入 2485948 tok | 输出 1891045 tok | 费用 ¥6.2680 | 1859s
进度 16730/17922 | 输入 2487416 tok | 输出 1892125 tok | 费用 ¥6.2717 | 1860s
进度 16740/17922 | 输入 2488034 tok | 输出 1892444 tok | 费用 ¥6.2729 | 1861s
进度 16750/17922 | 输入 2488790 tok | 输出 1892881 tok | 费用 ¥6.2746 | 1861s
进度 16760/17922 | 输入 2489618 tok | 输出 1893402 tok | 费用 ¥6.2764 | 1863s
进度 16770/17922 | 输入 2490392 tok | 输出 1893891 tok | 费用 ¥6.2782 | 1863s
进度 16780/17922 | 输入 2491311 tok | 输出 1894497 tok | 费用 ¥6.2803 | 1863s
进度 16790/17922 | 输入 2492290 tok | 输出 1895156 tok | 费用 ¥6.2826 | 1864s
进度 16800/17922 | 输入 2493036 tok | 输出 1895617 tok | 费用 ¥6.2843 | 1864s
进度 16810/17922 | 输入 2494009 tok | 输出 1896297 tok | 费用 ¥6.2866 | 1865s
进度 16820/17922 | 输入 2495007 tok | 输出 1896958 tok | 费用 ¥6.2889 | 1867s
进度 16830/17922 | 输入 2496103 tok | 输出 1897713 tok | 费用 ¥6.2915 | 1868s
进度 16840/17922 | 输入 2497178 tok | 输出 1898441 tok | 费用 ¥6.2941 | 1868s
进度 16850/17922 | 输入 2498427 tok | 输出 1899366 tok | 费用 ¥6.2972 | 1868s
进度 16860/17922 | 输入 2499600 tok | 输出 1900178 tok | 费用 ¥6.3000 | 1869s
进度 16870/17922 | 输入 2500565 tok | 输出 1900819 tok | 费用 ¥6.3022 | 1869s
进度 16880/17922 | 输入 2501732 tok | 输出 1901616 tok | 费用 ¥6.3050 | 1872s
进度 16890/17922 | 输入 2502777 tok | 输出 1902284 tok | 费用 ¥6.3073 | 1873s
进度 16900/17922 | 输入 2504307 tok | 输出 1903421 tok | 费用 ¥6.3111 | 1874s
进度 16910/17922 | 输入 2505795 tok | 输出 1904506 tok | 费用 ¥6.3148 | 1875s
进度 16920/17922 | 输入 2507232 tok | 输出 1905612 tok | 费用 ¥6.3185 | 1875s
进度 16930/17922 | 输入 2508971 tok | 输出 1906964 tok | 费用 ¥6.3229 | 1876s
进度 16940/17922 | 输入 2509965 tok | 输出 1907605 tok | 费用 ¥6.3252 | 1878s
进度 16950/17922 | 输入 2510865 tok | 输出 1908194 tok | 费用 ¥6.3273 | 1878s
进度 16960/17922 | 输入 2512180 tok | 输出 1909122 tok | 费用 ¥6.3304 | 1879s
进度 16970/17922 | 输入 2513383 tok | 输出 1909983 tok | 费用 ¥6.3333 | 1880s
进度 16980/17922 | 输入 2514258 tok | 输出 1910526 tok | 费用 ¥6.3353 | 1881s
进度 16990/17922 | 输入 2515108 tok | 输出 1911059 tok | 费用 ¥6.3372 | 1882s
进度 17000/17922 | 输入 2517081 tok | 输出 1912642 tok | 费用 ¥6.3424 | 1882s
进度 17010/17922 | 输入 2518672 tok | 输出 1913894 tok | 费用 ¥6.3465 | 1883s
进度 17020/17922 | 输入 2519419 tok | 输出 1914321 tok | 费用 ¥6.3481 | 1884s
进度 17030/17922 | 输入 2520315 tok | 输出 1914888 tok | 费用 ¥6.3501 | 1884s
进度 17040/17922 | 输入 2521876 tok | 输出 1916048 tok | 费用 ¥6.3540 | 1887s
进度 17050/17922 | 输入 2523084 tok | 输出 1916939 tok | 费用 ¥6.3570 | 1887s
进度 17060/17922 | 输入 2524364 tok | 输出 1917909 tok | 费用 ¥6.3602 | 1888s
进度 17070/17922 | 输入 2525957 tok | 输出 1919201 tok | 费用 ¥6.3644 | 1891s
进度 17080/17922 | 输入 2528189 tok | 输出 1921110 tok | 费用 ¥6.3704 | 1895s
进度 17090/17922 | 输入 2530462 tok | 输出 1923040 tok | 费用 ¥6.3765 | 1898s
进度 17100/17922 | 输入 2532874 tok | 输出 1925070 tok | 费用 ¥6.3830 | 1899s
进度 17110/17922 | 输入 2536779 tok | 输出 1928593 tok | 费用 ¥6.3940 | 1902s
进度 17120/17922 | 输入 2539635 tok | 输出 1931052 tok | 费用 ¥6.4017 | 1903s
进度 17130/17922 | 输入 2540969 tok | 输出 1932066 tok | 费用 ¥6.4051 | 1908s
进度 17140/17922 | 输入 2542965 tok | 输出 1933727 tok | 费用 ¥6.4104 | 1909s
进度 17150/17922 | 输入 2545405 tok | 输出 1935840 tok | 费用 ¥6.4171 | 1909s
进度 17160/17922 | 输入 2546511 tok | 输出 1936618 tok | 费用 ¥6.4197 | 1913s
进度 17170/17922 | 输入 2548938 tok | 输出 1938651 tok | 费用 ¥6.4262 | 1914s
进度 17180/17922 | 输入 2553399 tok | 输出 1942727 tok | 费用 ¥6.4389 | 1915s
进度 17190/17922 | 输入 2557556 tok | 输出 1946545 tok | 费用 ¥6.4506 | 1916s
进度 17200/17922 | 输入 2560295 tok | 输出 1948717 tok | 费用 ¥6.4577 | 1922s
进度 17210/17922 | 输入 2563349 tok | 输出 1951147 tok | 费用 ¥6.4656 | 1923s
进度 17220/17922 | 输入 2565734 tok | 输出 1953017 tok | 费用 ¥6.4718 | 1924s
进度 17230/17922 | 输入 2569439 tok | 输出 1956252 tok | 费用 ¥6.4819 | 1933s
  批次失败(第1次, 深度0): 返回条数 7 != 请求 10 | 原始: '{"results": [{"id": 42291, "content_zh": "[in] s：一个描述符，标识需要事件通知的套接字。[in] hWnd：一个句柄，标识当网络事件发生时将接收消息的窗口。[in] wMsg：当网络事件; 1s 后重试
进度 17240/17922 | 输入 2572009 tok | 输出 1958511 tok | 费用 ¥6.4890 | 1934s
进度 17250/17922 | 输入 2575940 tok | 输出 1962004 tok | 费用 ¥6.4999 | 1935s
进度 17260/17922 | 输入 2579297 tok | 输出 1964906 tok | 费用 ¥6.5091 | 1939s
进度 17270/17922 | 输入 2582797 tok | 输出 1967876 tok | 费用 ¥6.5185 | 1941s
进度 17280/17922 | 输入 2584478 tok | 输出 1969234 tok | 费用 ¥6.5229 | 1941s
进度 17290/17922 | 输入 2587503 tok | 输出 1971814 tok | 费用 ¥6.5311 | 1950s
进度 17300/17922 | 输入 2590345 tok | 输出 1974122 tok | 费用 ¥6.5386 | 1954s
进度 17310/17922 | 输入 2594265 tok | 输出 1977622 tok | 费用 ¥6.5495 | 1954s
进度 17320/17922 | 输入 2601955 tok | 输出 1984086 tok | 费用 ¥6.5701 | 1954s
进度 17330/17922 | 输入 2604889 tok | 输出 1986540 tok | 费用 ¥6.5780 | 1956s
  批次失败(第1次, 深度0): Expecting ',' delimiter: line 1 column 8034 (char 8033); 1s 后重试
进度 17340/17922 | 输入 2607513 tok | 输出 1988751 tok | 费用 ¥6.5850 | 1966s
进度 17350/17922 | 输入 2608610 tok | 输出 1989534 tok | 费用 ¥6.5877 | 1971s
进度 17360/17922 | 输入 2612220 tok | 输出 1992817 tok | 费用 ¥6.5979 | 1972s
进度 17370/17922 | 输入 2617135 tok | 输出 1997407 tok | 费用 ¥6.6119 | 1975s
进度 17380/17922 | 输入 2621509 tok | 输出 2001414 tok | 费用 ¥6.6243 | 1976s
进度 17390/17922 | 输入 2623114 tok | 输出 2002640 tok | 费用 ¥6.6284 | 1978s
进度 17400/17922 | 输入 2628401 tok | 输出 2007353 tok | 费用 ¥6.6431 | 1981s
进度 17410/17922 | 输入 2630164 tok | 输出 2008719 tok | 费用 ¥6.6476 | 1983s
进度 17420/17922 | 输入 2633046 tok | 输出 2011395 tok | 费用 ¥6.6558 | 1986s
进度 17430/17922 | 输入 2637545 tok | 输出 2015377 tok | 费用 ¥6.6683 | 1986s
进度 17440/17922 | 输入 2640719 tok | 输出 2018137 tok | 费用 ¥6.6770 | 1989s
进度 17450/17922 | 输入 2642091 tok | 输出 2019210 tok | 费用 ¥6.6805 | 1993s
进度 17460/17922 | 输入 2644659 tok | 输出 2021395 tok | 费用 ¥6.6874 | 1994s
进度 17470/17922 | 输入 2646934 tok | 输出 2023251 tok | 费用 ¥6.6934 | 1995s
进度 17480/17922 | 输入 2650132 tok | 输出 2026455 tok | 费用 ¥6.7030 | 1996s
进度 17490/17922 | 输入 2653577 tok | 输出 2029350 tok | 费用 ¥6.7123 | 2002s
进度 17500/17922 | 输入 2656900 tok | 输出 2032036 tok | 费用 ¥6.7210 | 2004s
进度 17510/17922 | 输入 2659169 tok | 输出 2033878 tok | 费用 ¥6.7269 | 2006s
进度 17520/17922 | 输入 2661422 tok | 输出 2035718 tok | 费用 ¥6.7329 | 2006s
进度 17530/17922 | 输入 2664503 tok | 输出 2038247 tok | 费用 ¥6.7410 | 2007s
进度 17540/17922 | 输入 2666399 tok | 输出 2039730 tok | 费用 ¥6.7459 | 2011s
进度 17550/17922 | 输入 2670318 tok | 输出 2043014 tok | 费用 ¥6.7563 | 2013s
进度 17560/17922 | 输入 2672507 tok | 输出 2044769 tok | 费用 ¥6.7620 | 2015s
进度 17570/17922 | 输入 2674330 tok | 输出 2046316 tok | 费用 ¥6.7670 | 2015s
进度 17580/17922 | 输入 2675830 tok | 输出 2047496 tok | 费用 ¥6.7708 | 2021s
进度 17590/17922 | 输入 2678925 tok | 输出 2050150 tok | 费用 ¥6.7792 | 2022s
进度 17600/17922 | 输入 2680877 tok | 输出 2051769 tok | 费用 ¥6.7844 | 2024s
进度 17610/17922 | 输入 2683720 tok | 输出 2054288 tok | 费用 ¥6.7923 | 2027s
进度 17620/17922 | 输入 2688886 tok | 输出 2059096 tok | 费用 ¥6.8071 | 2033s
进度 17630/17922 | 输入 2693967 tok | 输出 2063826 tok | 费用 ¥6.8216 | 2036s
进度 17640/17922 | 输入 2694919 tok | 输出 2064460 tok | 费用 ¥6.8238 | 2036s
进度 17650/17922 | 输入 2697745 tok | 输出 2066827 tok | 费用 ¥6.8314 | 2037s
进度 17660/17922 | 输入 2701204 tok | 输出 2069914 tok | 费用 ¥6.8410 | 2037s
进度 17670/17922 | 输入 2703773 tok | 输出 2072059 tok | 费用 ¥6.8479 | 2039s
进度 17680/17922 | 输入 2704961 tok | 输出 2072868 tok | 费用 ¥6.8507 | 2040s
进度 17690/17922 | 输入 2706032 tok | 输出 2073609 tok | 费用 ¥6.8532 | 2041s
进度 17700/17922 | 输入 2707312 tok | 输出 2074513 tok | 费用 ¥6.8563 | 2042s
进度 17710/17922 | 输入 2708430 tok | 输出 2075291 tok | 费用 ¥6.8590 | 2042s
进度 17720/17922 | 输入 2709505 tok | 输出 2076041 tok | 费用 ¥6.8616 | 2044s
进度 17730/17922 | 输入 2714374 tok | 输出 2080401 tok | 费用 ¥6.8752 | 2044s
进度 17740/17922 | 输入 2715844 tok | 输出 2081527 tok | 费用 ¥6.8789 | 2047s
进度 17750/17922 | 输入 2717340 tok | 输出 2082666 tok | 费用 ¥6.8827 | 2048s
进度 17760/17922 | 输入 2718974 tok | 输出 2083927 tok | 费用 ¥6.8868 | 2049s
进度 17770/17922 | 输入 2720680 tok | 输出 2085251 tok | 费用 ¥6.8912 | 2049s
进度 17780/17922 | 输入 2722191 tok | 输出 2086420 tok | 费用 ¥6.8950 | 2051s
进度 17790/17922 | 输入 2724267 tok | 输出 2088114 tok | 费用 ¥6.9005 | 2053s
进度 17800/17922 | 输入 2725369 tok | 输出 2088882 tok | 费用 ¥6.9031 | 2053s
进度 17810/17922 | 输入 2726516 tok | 输出 2089708 tok | 费用 ¥6.9059 | 2054s
进度 17820/17922 | 输入 2727872 tok | 输出 2090699 tok | 费用 ¥6.9093 | 2054s
进度 17830/17922 | 输入 2728735 tok | 输出 2091225 tok | 费用 ¥6.9112 | 2054s
进度 17840/17922 | 输入 2730489 tok | 输出 2092598 tok | 费用 ¥6.9157 | 2055s
进度 17850/17922 | 输入 2731564 tok | 输出 2093319 tok | 费用 ¥6.9182 | 2058s
进度 17860/17922 | 输入 2732642 tok | 输出 2094074 tok | 费用 ¥6.9208 | 2058s
进度 17870/17922 | 输入 2733970 tok | 输出 2095070 tok | 费用 ¥6.9241 | 2060s
进度 17880/17922 | 输入 2735350 tok | 输出 2096143 tok | 费用 ¥6.9276 | 2060s
进度 17890/17922 | 输入 2736044 tok | 输出 2096551 tok | 费用 ¥6.9291 | 2061s
进度 17900/17922 | 输入 2737630 tok | 输出 2097762 tok | 费用 ¥6.9332 | 2061s
进度 17902/17922 | 输入 2738110 tok | 输出 2097985 tok | 费用 ¥6.9341 | 2061s
进度 17912/17922 | 输入 2739781 tok | 输出 2099313 tok | 费用 ¥6.9384 | 2065s
进度 17922/17922 | 输入 2742518 tok | 输出 2101754 tok | 费用 ¥6.9460 | 2067s
============================================================
完成: 17922 条
思考模式出现次数: 0 (应为 0)
输入 token: 2742518 | 输出 token: 2101754
费用估算: ¥6.9460
